year,ens,scen,rcp,value
1990,ens1,Pol,2p6,0
1990,ens1,Ref,2p6,0
1990,ens1,Ref,8p5,0
1990,ens10,Pol,2p6,0
1990,ens10,Ref,2p6,0
1990,ens10,Ref,8p5,0
1990,ens11,Pol,2p6,0
1990,ens11,Ref,2p6,0
1990,ens11,Ref,8p5,0
1990,ens12,Pol,2p6,0
1990,ens12,Ref,2p6,0
1990,ens12,Ref,8p5,0
1990,ens13,Pol,2p6,0
1990,ens13,Ref,2p6,0
1990,ens13,Ref,8p5,0
1990,ens2,Pol,2p6,0
1990,ens2,Ref,2p6,0
1990,ens2,Ref,8p5,0
1990,ens3,Pol,2p6,0
1990,ens3,Ref,2p6,0
1990,ens3,Ref,8p5,0
1990,ens4,Pol,2p6,0
1990,ens4,Ref,2p6,0
1990,ens4,Ref,8p5,0
1990,ens5,Pol,2p6,0
1990,ens5,Ref,2p6,0
1990,ens5,Ref,8p5,0
1990,ens6,Pol,2p6,0
1990,ens6,Ref,2p6,0
1990,ens6,Ref,8p5,0
1990,ens7,Pol,2p6,0
1990,ens7,Ref,2p6,0
1990,ens7,Ref,8p5,0
1990,ens8,Pol,2p6,0
1990,ens8,Ref,2p6,0
1990,ens8,Ref,8p5,0
1990,ens9,Pol,2p6,0
1990,ens9,Ref,2p6,0
1990,ens9,Ref,8p5,0
2005,ens1,Pol,2p6,0
2005,ens1,Ref,2p6,0
2005,ens1,Ref,8p5,0
2005,ens10,Pol,2p6,0
2005,ens10,Ref,2p6,0
2005,ens10,Ref,8p5,0
2005,ens11,Pol,2p6,0
2005,ens11,Ref,2p6,0
2005,ens11,Ref,8p5,0
2005,ens12,Pol,2p6,0
2005,ens12,Ref,2p6,0
2005,ens12,Ref,8p5,0
2005,ens13,Pol,2p6,0
2005,ens13,Ref,2p6,0
2005,ens13,Ref,8p5,0
2005,ens2,Pol,2p6,0
2005,ens2,Ref,2p6,0
2005,ens2,Ref,8p5,0
2005,ens3,Pol,2p6,0
2005,ens3,Ref,2p6,0
2005,ens3,Ref,8p5,0
2005,ens4,Pol,2p6,0
2005,ens4,Ref,2p6,0
2005,ens4,Ref,8p5,0
2005,ens5,Pol,2p6,0
2005,ens5,Ref,2p6,0
2005,ens5,Ref,8p5,0
2005,ens6,Pol,2p6,0
2005,ens6,Ref,2p6,0
2005,ens6,Ref,8p5,0
2005,ens7,Pol,2p6,0
2005,ens7,Ref,2p6,0
2005,ens7,Ref,8p5,0
2005,ens8,Pol,2p6,0
2005,ens8,Ref,2p6,0
2005,ens8,Ref,8p5,0
2005,ens9,Pol,2p6,0
2005,ens9,Ref,2p6,0
2005,ens9,Ref,8p5,0
2010,ens1,Pol,2p6,0
2010,ens1,Ref,2p6,0
2010,ens1,Ref,8p5,0
2010,ens10,Pol,2p6,0
2010,ens10,Ref,2p6,0
2010,ens10,Ref,8p5,0
2010,ens11,Pol,2p6,0
2010,ens11,Ref,2p6,0
2010,ens11,Ref,8p5,0
2010,ens12,Pol,2p6,0
2010,ens12,Ref,2p6,0
2010,ens12,Ref,8p5,0
2010,ens13,Pol,2p6,0
2010,ens13,Ref,2p6,0
2010,ens13,Ref,8p5,0
2010,ens2,Pol,2p6,0
2010,ens2,Ref,2p6,0
2010,ens2,Ref,8p5,0
2010,ens3,Pol,2p6,0
2010,ens3,Ref,2p6,0
2010,ens3,Ref,8p5,0
2010,ens4,Pol,2p6,0
2010,ens4,Ref,2p6,0
2010,ens4,Ref,8p5,0
2010,ens5,Pol,2p6,0
2010,ens5,Ref,2p6,0
2010,ens5,Ref,8p5,0
2010,ens6,Pol,2p6,0
2010,ens6,Ref,2p6,0
2010,ens6,Ref,8p5,0
2010,ens7,Pol,2p6,0
2010,ens7,Ref,2p6,0
2010,ens7,Ref,8p5,0
2010,ens8,Pol,2p6,0
2010,ens8,Ref,2p6,0
2010,ens8,Ref,8p5,0
2010,ens9,Pol,2p6,0
2010,ens9,Ref,2p6,0
2010,ens9,Ref,8p5,0
2015,ens1,Pol,2p6,5.868815279901961
2015,ens1,Ref,2p6,5.868815279901961
2015,ens1,Ref,8p5,5.868815279901961
2015,ens10,Pol,2p6,5.868815279901961
2015,ens10,Ref,2p6,5.868815279901961
2015,ens10,Ref,8p5,5.868815279901961
2015,ens11,Pol,2p6,5.868815279901961
2015,ens11,Ref,2p6,5.868815279901961
2015,ens11,Ref,8p5,5.868815279901961
2015,ens12,Pol,2p6,5.868815279901961
2015,ens12,Ref,2p6,5.868815279901961
2015,ens12,Ref,8p5,5.868815279901961
2015,ens13,Pol,2p6,5.868815279901961
2015,ens13,Ref,2p6,5.868815279901961
2015,ens13,Ref,8p5,5.868815279901961
2015,ens2,Pol,2p6,5.868815279901961
2015,ens2,Ref,2p6,5.868815279901961
2015,ens2,Ref,8p5,5.868815279901961
2015,ens3,Pol,2p6,5.868815279901961
2015,ens3,Ref,2p6,5.868815279901961
2015,ens3,Ref,8p5,5.868815279901961
2015,ens4,Pol,2p6,5.868815279901961
2015,ens4,Ref,2p6,5.868815279901961
2015,ens4,Ref,8p5,5.868815279901961
2015,ens5,Pol,2p6,5.868815279901961
2015,ens5,Ref,2p6,5.868815279901961
2015,ens5,Ref,8p5,5.868815279901961
2015,ens6,Pol,2p6,5.868815279901961
2015,ens6,Ref,2p6,5.868815279901961
2015,ens6,Ref,8p5,5.868815279901961
2015,ens7,Pol,2p6,5.868815279901961
2015,ens7,Ref,2p6,5.868815279901961
2015,ens7,Ref,8p5,5.868815279901961
2015,ens8,Pol,2p6,5.868815279901961
2015,ens8,Ref,2p6,5.868815279901961
2015,ens8,Ref,8p5,5.868815279901961
2015,ens9,Pol,2p6,5.868815279901961
2015,ens9,Ref,2p6,5.868815279901961
2015,ens9,Ref,8p5,5.868815279901961
2016,ens1,Pol,2p6,5.844073116904762
2016,ens1,Ref,2p6,5.8440874408123245
2016,ens1,Ref,8p5,5.844096990084035
2016,ens10,Pol,2p6,5.8440349198179264
2016,ens10,Ref,2p6,5.844054018361344
2016,ens10,Ref,8p5,5.844054018361344
2016,ens11,Pol,2p6,5.8440349198179264
2016,ens11,Ref,2p6,5.844054018361344
2016,ens11,Ref,8p5,5.844054018361344
2016,ens12,Pol,2p6,5.8440349198179264
2016,ens12,Ref,2p6,5.844054018361344
2016,ens12,Ref,8p5,5.844054018361344
2016,ens13,Pol,2p6,5.844058792997199
2016,ens13,Ref,2p6,5.844077891540616
2016,ens13,Ref,8p5,5.844077891540616
2016,ens2,Pol,2p6,5.844073116904762
2016,ens2,Ref,2p6,5.8440874408123245
2016,ens2,Ref,8p5,5.84408266617647
2016,ens3,Pol,2p6,5.84409221544818
2016,ens3,Ref,2p6,5.844111313991596
2016,ens3,Ref,8p5,5.844111313991596
2016,ens4,Pol,2p6,5.8440683422689075
2016,ens4,Ref,2p6,5.84408266617647
2016,ens4,Ref,8p5,5.844073116904762
2016,ens5,Pol,2p6,5.844063567633053
2016,ens5,Ref,2p6,5.844077891540616
2016,ens5,Ref,8p5,5.844077891540616
2016,ens6,Pol,2p6,5.844077891540616
2016,ens6,Ref,2p6,5.84409221544818
2016,ens6,Ref,8p5,5.8440874408123245
2016,ens7,Pol,2p6,5.8440683422689075
2016,ens7,Ref,2p6,5.84408266617647
2016,ens7,Ref,8p5,5.84408266617647
2016,ens8,Pol,2p6,5.8440683422689075
2016,ens8,Ref,2p6,5.8440874408123245
2016,ens8,Ref,8p5,5.84408266617647
2016,ens9,Pol,2p6,5.844073116904762
2016,ens9,Ref,2p6,5.84409221544818
2016,ens9,Ref,8p5,5.84408266617647
2017,ens1,Pol,2p6,5.8193309539075635
2017,ens1,Ref,2p6,5.81935960172269
2017,ens1,Ref,8p5,5.819378700266107
2017,ens10,Pol,2p6,5.819254559733893
2017,ens10,Ref,2p6,5.819292756820729
2017,ens10,Ref,8p5,5.819292756820729
2017,ens11,Pol,2p6,5.819254559733893
2017,ens11,Ref,2p6,5.819292756820729
2017,ens11,Ref,8p5,5.819292756820729
2017,ens12,Pol,2p6,5.819254559733893
2017,ens12,Ref,2p6,5.819292756820729
2017,ens12,Ref,8p5,5.819292756820729
2017,ens13,Pol,2p6,5.819302306092437
2017,ens13,Ref,2p6,5.819340503179271
2017,ens13,Ref,8p5,5.819340503179271
2017,ens2,Pol,2p6,5.8193309539075635
2017,ens2,Ref,2p6,5.81935960172269
2017,ens2,Ref,8p5,5.8193500524509805
2017,ens3,Pol,2p6,5.8193691509943974
2017,ens3,Ref,2p6,5.819407348081232
2017,ens3,Ref,8p5,5.819407348081232
2017,ens4,Pol,2p6,5.819321404635854
2017,ens4,Ref,2p6,5.8193500524509805
2017,ens4,Ref,8p5,5.8193309539075635
2017,ens5,Pol,2p6,5.819311855364145
2017,ens5,Ref,2p6,5.819340503179271
2017,ens5,Ref,8p5,5.819340503179271
2017,ens6,Pol,2p6,5.819340503179271
2017,ens6,Ref,2p6,5.8193691509943974
2017,ens6,Ref,8p5,5.81935960172269
2017,ens7,Pol,2p6,5.819321404635854
2017,ens7,Ref,2p6,5.8193500524509805
2017,ens7,Ref,8p5,5.8193500524509805
2017,ens8,Pol,2p6,5.819321404635854
2017,ens8,Ref,2p6,5.81935960172269
2017,ens8,Ref,8p5,5.8193500524509805
2017,ens9,Pol,2p6,5.8193309539075635
2017,ens9,Ref,2p6,5.8193691509943974
2017,ens9,Ref,8p5,5.8193500524509805
2018,ens1,Pol,2p6,5.794588790910364
2018,ens1,Ref,2p6,5.7946317626330535
2018,ens1,Ref,8p5,5.794660410448179
2018,ens10,Pol,2p6,5.794474199649859
2018,ens10,Ref,2p6,5.794531495280113
2018,ens10,Ref,8p5,5.794531495280113
2018,ens11,Pol,2p6,5.794474199649859
2018,ens11,Ref,2p6,5.794531495280113
2018,ens11,Ref,8p5,5.794531495280113
2018,ens12,Pol,2p6,5.794474199649859
2018,ens12,Ref,2p6,5.794531495280113
2018,ens12,Ref,8p5,5.794531495280113
2018,ens13,Pol,2p6,5.794545819187674
2018,ens13,Ref,2p6,5.794603114817928
2018,ens13,Ref,8p5,5.794603114817928
2018,ens2,Pol,2p6,5.794588790910364
2018,ens2,Ref,2p6,5.7946317626330535
2018,ens2,Ref,8p5,5.79461743872549
2018,ens3,Pol,2p6,5.794646086540616
2018,ens3,Ref,2p6,5.794703382170869
2018,ens3,Ref,8p5,5.794703382170869
2018,ens4,Pol,2p6,5.794574467002801
2018,ens4,Ref,2p6,5.79461743872549
2018,ens4,Ref,8p5,5.794588790910364
2018,ens5,Pol,2p6,5.7945601430952385
2018,ens5,Ref,2p6,5.794603114817928
2018,ens5,Ref,8p5,5.794603114817928
2018,ens6,Pol,2p6,5.794603114817928
2018,ens6,Ref,2p6,5.794646086540616
2018,ens6,Ref,8p5,5.7946317626330535
2018,ens7,Pol,2p6,5.794574467002801
2018,ens7,Ref,2p6,5.79461743872549
2018,ens7,Ref,8p5,5.79461743872549
2018,ens8,Pol,2p6,5.794574467002801
2018,ens8,Ref,2p6,5.7946317626330535
2018,ens8,Ref,8p5,5.79461743872549
2018,ens9,Pol,2p6,5.794588790910364
2018,ens9,Ref,2p6,5.794646086540616
2018,ens9,Ref,8p5,5.79461743872549
2019,ens1,Pol,2p6,5.769846627913166
2019,ens1,Ref,2p6,5.769903923543417
2019,ens1,Ref,8p5,5.769942120630253
2019,ens10,Pol,2p6,5.769693839565826
2019,ens10,Ref,2p6,5.7697702337394965
2019,ens10,Ref,8p5,5.7697702337394965
2019,ens11,Pol,2p6,5.769693839565826
2019,ens11,Ref,2p6,5.7697702337394965
2019,ens11,Ref,8p5,5.7697702337394965
2019,ens12,Pol,2p6,5.769693839565826
2019,ens12,Ref,2p6,5.7697702337394965
2019,ens12,Ref,8p5,5.7697702337394965
2019,ens13,Pol,2p6,5.7697893322829135
2019,ens13,Ref,2p6,5.769865726456583
2019,ens13,Ref,8p5,5.769865726456583
2019,ens2,Pol,2p6,5.769846627913166
2019,ens2,Ref,2p6,5.769903923543417
2019,ens2,Ref,8p5,5.769884825
2019,ens3,Pol,2p6,5.769923022086835
2019,ens3,Ref,2p6,5.769999416260505
2019,ens3,Ref,8p5,5.769999416260505
2019,ens4,Pol,2p6,5.769827529369747
2019,ens4,Ref,2p6,5.769884825
2019,ens4,Ref,8p5,5.769846627913166
2019,ens5,Pol,2p6,5.76980843082633
2019,ens5,Ref,2p6,5.769865726456583
2019,ens5,Ref,8p5,5.769865726456583
2019,ens6,Pol,2p6,5.769865726456583
2019,ens6,Ref,2p6,5.769923022086835
2019,ens6,Ref,8p5,5.769903923543417
2019,ens7,Pol,2p6,5.769827529369747
2019,ens7,Ref,2p6,5.769884825
2019,ens7,Ref,8p5,5.769884825
2019,ens8,Pol,2p6,5.769827529369747
2019,ens8,Ref,2p6,5.769903923543417
2019,ens8,Ref,8p5,5.769884825
2019,ens9,Pol,2p6,5.769846627913166
2019,ens9,Ref,2p6,5.769923022086835
2019,ens9,Ref,8p5,5.769884825
2020,ens1,Pol,2p6,5.745104464915967
2020,ens1,Ref,2p6,5.7451760844537825
2020,ens1,Ref,8p5,5.745223830812325
2020,ens10,Pol,2p6,5.744913479481793
2020,ens10,Ref,2p6,5.74500897219888
2020,ens10,Ref,8p5,5.74500897219888
2020,ens11,Pol,2p6,5.744913479481793
2020,ens11,Ref,2p6,5.74500897219888
2020,ens11,Ref,8p5,5.74500897219888
2020,ens12,Pol,2p6,5.744913479481793
2020,ens12,Ref,2p6,5.74500897219888
2020,ens12,Ref,8p5,5.74500897219888
2020,ens13,Pol,2p6,5.745032845378152
2020,ens13,Ref,2p6,5.745128338095238
2020,ens13,Ref,8p5,5.745128338095238
2020,ens2,Pol,2p6,5.745104464915967
2020,ens2,Ref,2p6,5.7451760844537825
2020,ens2,Ref,8p5,5.74515221127451
2020,ens3,Pol,2p6,5.745199957633053
2020,ens3,Ref,2p6,5.74529545035014
2020,ens3,Ref,8p5,5.74529545035014
2020,ens4,Pol,2p6,5.745080591736696
2020,ens4,Ref,2p6,5.74515221127451
2020,ens4,Ref,8p5,5.745104464915967
2020,ens5,Pol,2p6,5.745056718557422
2020,ens5,Ref,2p6,5.745128338095238
2020,ens5,Ref,8p5,5.745128338095238
2020,ens6,Pol,2p6,5.745128338095238
2020,ens6,Ref,2p6,5.745199957633053
2020,ens6,Ref,8p5,5.7451760844537825
2020,ens7,Pol,2p6,5.745080591736696
2020,ens7,Ref,2p6,5.74515221127451
2020,ens7,Ref,8p5,5.74515221127451
2020,ens8,Pol,2p6,5.745080591736696
2020,ens8,Ref,2p6,5.7451760844537825
2020,ens8,Ref,8p5,5.74515221127451
2020,ens9,Pol,2p6,5.745104464915967
2020,ens9,Ref,2p6,5.745199957633053
2020,ens9,Ref,8p5,5.74515221127451
2021,ens1,Pol,2p6,5.741308629411765
2021,ens1,Ref,2p6,5.741375474313726
2021,ens1,Ref,8p5,5.741451868487395
2021,ens10,Pol,2p6,5.740960080994398
2021,ens10,Ref,2p6,5.741069897619047
2021,ens10,Ref,8p5,5.741055573711485
2021,ens11,Pol,2p6,5.74097440490196
2021,ens11,Ref,2p6,5.741069897619047
2021,ens11,Ref,8p5,5.7410794468907564
2021,ens12,Pol,2p6,5.74097440490196
2021,ens12,Ref,2p6,5.741069897619047
2021,ens12,Ref,8p5,5.741069897619047
2021,ens13,Pol,2p6,5.741189263515407
2021,ens13,Ref,2p6,5.741284756232494
2021,ens13,Ref,8p5,5.741294305504201
2021,ens2,Pol,2p6,5.741313404047619
2021,ens2,Ref,2p6,5.741385023585433
2021,ens2,Ref,8p5,5.741346826498599
2021,ens3,Pol,2p6,5.74138024894958
2021,ens3,Ref,2p6,5.741485290938376
2021,ens3,Ref,8p5,5.7415569104761905
2021,ens4,Pol,2p6,5.741265657689076
2021,ens4,Ref,2p6,5.741337277226891
2021,ens4,Ref,8p5,5.74123700987395
2021,ens5,Pol,2p6,5.74122746060224
2021,ens5,Ref,2p6,5.741299080140056
2021,ens5,Ref,8p5,5.741284756232494
2021,ens6,Pol,2p6,5.741342051862745
2021,ens6,Ref,2p6,5.741418446036414
2021,ens6,Ref,8p5,5.741375474313726
2021,ens7,Pol,2p6,5.741260883053221
2021,ens7,Ref,2p6,5.741337277226891
2021,ens7,Ref,8p5,5.741342051862745
2021,ens8,Pol,2p6,5.741275206960784
2021,ens8,Ref,2p6,5.741365925042016
2021,ens8,Ref,8p5,5.741318178683474
2021,ens9,Pol,2p6,5.7412895308683485
2021,ens9,Ref,2p6,5.741399347492997
2021,ens9,Ref,8p5,5.741332502591036
2022,ens1,Pol,2p6,5.737512793907563
2022,ens1,Ref,2p6,5.73757486417367
2022,ens1,Ref,8p5,5.737679906162465
2022,ens10,Pol,2p6,5.737006682507002
2022,ens10,Ref,2p6,5.737130823039216
2022,ens10,Ref,8p5,5.7371021752240905
2022,ens11,Pol,2p6,5.737035330322128
2022,ens11,Ref,2p6,5.737130823039216
2022,ens11,Ref,8p5,5.737149921582633
2022,ens12,Pol,2p6,5.737035330322128
2022,ens12,Ref,2p6,5.737130823039216
2022,ens12,Ref,8p5,5.737130823039216
2022,ens13,Pol,2p6,5.737345681652661
2022,ens13,Ref,2p6,5.737441174369748
2022,ens13,Ref,8p5,5.737460272913166
2022,ens2,Pol,2p6,5.737522343179272
2022,ens2,Ref,2p6,5.737593962717088
2022,ens2,Ref,8p5,5.737541441722689
2022,ens3,Pol,2p6,5.737560540266108
2022,ens3,Ref,2p6,5.73767513152661
2022,ens3,Ref,8p5,5.737818370602241
2022,ens4,Pol,2p6,5.737450723641457
2022,ens4,Ref,2p6,5.737522343179272
2022,ens4,Ref,8p5,5.737369554831933
2022,ens5,Pol,2p6,5.737398202647058
2022,ens5,Ref,2p6,5.737469822184874
2022,ens5,Ref,8p5,5.737441174369748
2022,ens6,Pol,2p6,5.737555765630251
2022,ens6,Ref,2p6,5.7376369344397755
2022,ens6,Ref,8p5,5.73757486417367
2022,ens7,Pol,2p6,5.737441174369748
2022,ens7,Ref,2p6,5.737522343179272
2022,ens7,Ref,8p5,5.73753189245098
2022,ens8,Pol,2p6,5.737469822184874
2022,ens8,Ref,2p6,5.737555765630252
2022,ens8,Ref,8p5,5.737484146092438
2022,ens9,Pol,2p6,5.737474596820728
2022,ens9,Ref,2p6,5.737598737352942
2022,ens9,Ref,8p5,5.737512793907563
2023,ens1,Pol,2p6,5.733716958403361
2023,ens1,Ref,2p6,5.733774254033613
2023,ens1,Ref,8p5,5.733907943837535
2023,ens10,Pol,2p6,5.733053284019608
2023,ens10,Ref,2p6,5.733191748459384
2023,ens10,Ref,8p5,5.733148776736694
2023,ens11,Pol,2p6,5.733096255742296
2023,ens11,Ref,2p6,5.733191748459384
2023,ens11,Ref,8p5,5.73322039627451
2023,ens12,Pol,2p6,5.733096255742296
2023,ens12,Ref,2p6,5.733191748459384
2023,ens12,Ref,8p5,5.733191748459384
2023,ens13,Pol,2p6,5.733502099789916
2023,ens13,Ref,2p6,5.733597592507003
2023,ens13,Ref,8p5,5.733626240322129
2023,ens2,Pol,2p6,5.733731282310924
2023,ens2,Ref,2p6,5.733802901848739
2023,ens2,Ref,8p5,5.73373605694678
2023,ens3,Pol,2p6,5.733740831582633
2023,ens3,Ref,2p6,5.733864972114846
2023,ens3,Ref,8p5,5.734079830728292
2023,ens4,Pol,2p6,5.733635789593839
2023,ens4,Ref,2p6,5.733707409131653
2023,ens4,Ref,8p5,5.733502099789916
2023,ens5,Pol,2p6,5.733568944691878
2023,ens5,Ref,2p6,5.733640564229692
2023,ens5,Ref,8p5,5.733597592507003
2023,ens6,Pol,2p6,5.733769479397759
2023,ens6,Ref,2p6,5.7338554228431375
2023,ens6,Ref,8p5,5.733774254033613
2023,ens7,Pol,2p6,5.733621465686275
2023,ens7,Ref,2p6,5.733707409131653
2023,ens7,Ref,8p5,5.733721733039215
2023,ens8,Pol,2p6,5.733664437408965
2023,ens8,Ref,2p6,5.733745606218488
2023,ens8,Ref,8p5,5.733650113501401
2023,ens9,Pol,2p6,5.73365966277311
2023,ens9,Ref,2p6,5.733798127212885
2023,ens9,Ref,8p5,5.73369308522409
2024,ens1,Pol,2p6,5.729921122899159
2024,ens1,Ref,2p6,5.7299736438935565
2024,ens1,Ref,8p5,5.730135981512604
2024,ens10,Pol,2p6,5.729099885532213
2024,ens10,Ref,2p6,5.729252673879553
2024,ens10,Ref,8p5,5.729195378249299
2024,ens11,Pol,2p6,5.729157181162464
2024,ens11,Ref,2p6,5.729252673879553
2024,ens11,Ref,8p5,5.729290870966386
2024,ens12,Pol,2p6,5.729157181162464
2024,ens12,Ref,2p6,5.729252673879553
2024,ens12,Ref,8p5,5.729252673879553
2024,ens13,Pol,2p6,5.72965851792717
2024,ens13,Ref,2p6,5.729754010644258
2024,ens13,Ref,8p5,5.7297922077310925
2024,ens2,Pol,2p6,5.729940221442577
2024,ens2,Ref,2p6,5.730011840980392
2024,ens2,Ref,8p5,5.72993067217087
2024,ens3,Pol,2p6,5.729921122899159
2024,ens3,Ref,2p6,5.730054812703081
2024,ens3,Ref,8p5,5.730341290854342
2024,ens4,Pol,2p6,5.729820855546218
2024,ens4,Ref,2p6,5.729892475084033
2024,ens4,Ref,8p5,5.7296346447478985
2024,ens5,Pol,2p6,5.729739686736695
2024,ens5,Ref,2p6,5.7298113062745095
2024,ens5,Ref,8p5,5.729754010644258
2024,ens6,Pol,2p6,5.729983193165266
2024,ens6,Ref,2p6,5.730073911246499
2024,ens6,Ref,8p5,5.7299736438935565
2024,ens7,Pol,2p6,5.729801757002802
2024,ens7,Ref,2p6,5.729892475084033
2024,ens7,Ref,8p5,5.729911573627452
2024,ens8,Pol,2p6,5.729859052633054
2024,ens8,Ref,2p6,5.729935446806723
2024,ens8,Ref,8p5,5.729816080910364
2024,ens9,Pol,2p6,5.72984472872549
2024,ens9,Ref,2p6,5.72999751707283
2024,ens9,Ref,8p5,5.729873376540616
2025,ens1,Pol,2p6,5.726125287394958
2025,ens1,Ref,2p6,5.726173033753501
2025,ens1,Ref,8p5,5.726364019187676
2025,ens10,Pol,2p6,5.725146487044817
2025,ens10,Ref,2p6,5.72531359929972
2025,ens10,Ref,8p5,5.725241979761905
2025,ens11,Pol,2p6,5.725218106582633
2025,ens11,Ref,2p6,5.72531359929972
2025,ens11,Ref,8p5,5.725361345658263
2025,ens12,Pol,2p6,5.725218106582633
2025,ens12,Ref,2p6,5.72531359929972
2025,ens12,Ref,8p5,5.72531359929972
2025,ens13,Pol,2p6,5.725814936064427
2025,ens13,Ref,2p6,5.725910428781513
2025,ens13,Ref,8p5,5.725958175140056
2025,ens2,Pol,2p6,5.726149160574229
2025,ens2,Ref,2p6,5.726220780112044
2025,ens2,Ref,8p5,5.726125287394958
2025,ens3,Pol,2p6,5.7261014142156865
2025,ens3,Ref,2p6,5.7262446532913165
2025,ens3,Ref,8p5,5.726602750980393
2025,ens4,Pol,2p6,5.726005921498599
2025,ens4,Ref,2p6,5.726077541036415
2025,ens4,Ref,8p5,5.725767189705882
2025,ens5,Pol,2p6,5.725910428781513
2025,ens5,Ref,2p6,5.725982048319327
2025,ens5,Ref,8p5,5.725910428781513
2025,ens6,Pol,2p6,5.726196906932772
2025,ens6,Ref,2p6,5.72629239964986
2025,ens6,Ref,8p5,5.726173033753501
2025,ens7,Pol,2p6,5.725982048319327
2025,ens7,Ref,2p6,5.726077541036415
2025,ens7,Ref,8p5,5.7261014142156865
2025,ens8,Pol,2p6,5.726053667857143
2025,ens8,Ref,2p6,5.726125287394958
2025,ens8,Ref,8p5,5.725982048319327
2025,ens9,Pol,2p6,5.7260297946778715
2025,ens9,Ref,2p6,5.726196906932772
2025,ens9,Ref,8p5,5.726053667857143
2026,ens1,Pol,2p6,5.723924180266106
2026,ens1,Ref,2p6,5.723909856358544
2026,ens1,Ref,8p5,5.724067419341736
2026,ens10,Pol,2p6,5.722964478459384
2026,ens10,Ref,2p6,5.723198435616247
2026,ens10,Ref,8p5,5.723141139985994
2026,ens11,Pol,2p6,5.723045647268907
2026,ens11,Ref,2p6,5.723193660980392
2026,ens11,Ref,8p5,5.723236632703081
2026,ens12,Pol,2p6,5.723045647268907
2026,ens12,Ref,2p6,5.723198435616247
2026,ens12,Ref,8p5,5.723193660980392
2026,ens13,Pol,2p6,5.723680673837535
2026,ens13,Ref,2p6,5.723694997745098
2026,ens13,Ref,8p5,5.723733194831933
2026,ens2,Pol,2p6,5.723957602717086
2026,ens2,Ref,2p6,5.723962377352941
2026,ens2,Ref,8p5,5.723871659271709
2026,ens3,Pol,2p6,5.723909856358544
2026,ens3,Ref,2p6,5.723967151988795
2026,ens3,Ref,8p5,5.72425840477591
2026,ens4,Pol,2p6,5.723809589005602
2026,ens4,Ref,2p6,5.723833462184873
2026,ens4,Ref,8p5,5.723585181120448
2026,ens5,Pol,2p6,5.723737969467787
2026,ens5,Ref,2p6,5.723752293375351
2026,ens5,Ref,8p5,5.723699772380952
2026,ens6,Pol,2p6,5.723986250532214
2026,ens6,Ref,2p6,5.724010123711485
2026,ens6,Ref,8p5,5.723909856358544
2026,ens7,Pol,2p6,5.723790490462185
2026,ens7,Ref,2p6,5.723833462184873
2026,ens7,Ref,8p5,5.723852560728292
2026,ens8,Pol,2p6,5.723871659271709
2026,ens8,Ref,2p6,5.723871659271709
2026,ens8,Ref,8p5,5.7237570680112055
2026,ens9,Pol,2p6,5.723852560728292
2026,ens9,Ref,2p6,5.723933729537815
2026,ens9,Ref,8p5,5.723809589005602
2027,ens1,Pol,2p6,5.721723073137255
2027,ens1,Ref,2p6,5.721646678963586
2027,ens1,Ref,8p5,5.721770819495798
2027,ens10,Pol,2p6,5.720782469873949
2027,ens10,Ref,2p6,5.721083271932773
2027,ens10,Ref,8p5,5.721040300210085
2027,ens11,Pol,2p6,5.720873187955181
2027,ens11,Ref,2p6,5.721073722661064
2027,ens11,Ref,8p5,5.721111919747899
2027,ens12,Pol,2p6,5.720873187955181
2027,ens12,Ref,2p6,5.721083271932773
2027,ens12,Ref,8p5,5.721073722661064
2027,ens13,Pol,2p6,5.721546411610644
2027,ens13,Ref,2p6,5.721479566708683
2027,ens13,Ref,8p5,5.721508214523809
2027,ens2,Pol,2p6,5.721766044859943
2027,ens2,Ref,2p6,5.721703974593837
2027,ens2,Ref,8p5,5.72161803114846
2027,ens3,Pol,2p6,5.721718298501401
2027,ens3,Ref,2p6,5.721689650686274
2027,ens3,Ref,8p5,5.7219140585714285
2027,ens4,Pol,2p6,5.7216132565126046
2027,ens4,Ref,2p6,5.721589383333334
2027,ens4,Ref,8p5,5.721403172535014
2027,ens5,Pol,2p6,5.721565510154061
2027,ens5,Ref,2p6,5.721522538431373
2027,ens5,Ref,8p5,5.721489115980393
2027,ens6,Pol,2p6,5.721775594131652
2027,ens6,Ref,2p6,5.72172784777311
2027,ens6,Ref,8p5,5.721646678963586
2027,ens7,Pol,2p6,5.721598932605043
2027,ens7,Ref,2p6,5.721589383333334
2027,ens7,Ref,8p5,5.721603707240896
2027,ens8,Pol,2p6,5.721689650686274
2027,ens8,Ref,2p6,5.72161803114846
2027,ens8,Ref,8p5,5.721532087703082
2027,ens9,Pol,2p6,5.721675326778712
2027,ens9,Ref,2p6,5.721670552142856
2027,ens9,Ref,8p5,5.721565510154062
2028,ens1,Pol,2p6,5.719521966008403
2028,ens1,Ref,2p6,5.719383501568627
2028,ens1,Ref,8p5,5.71947421964986
2028,ens10,Pol,2p6,5.718600461288515
2028,ens10,Ref,2p6,5.7189681082493
2028,ens10,Ref,8p5,5.718939460434175
2028,ens11,Pol,2p6,5.718700728641457
2028,ens11,Ref,2p6,5.718953784341736
2028,ens11,Ref,8p5,5.718987206792717
2028,ens12,Pol,2p6,5.718700728641457
2028,ens12,Ref,2p6,5.7189681082493
2028,ens12,Ref,8p5,5.718953784341736
2028,ens13,Pol,2p6,5.7194121493837535
2028,ens13,Ref,2p6,5.719264135672269
2028,ens13,Ref,8p5,5.719283234215687
2028,ens2,Pol,2p6,5.719574487002801
2028,ens2,Ref,2p6,5.719445571834734
2028,ens2,Ref,8p5,5.71936440302521
2028,ens3,Pol,2p6,5.719526740644258
2028,ens3,Ref,2p6,5.7194121493837535
2028,ens3,Ref,8p5,5.7195697123669476
2028,ens4,Pol,2p6,5.719416924019608
2028,ens4,Ref,2p6,5.719345304481792
2028,ens4,Ref,8p5,5.719221163949579
2028,ens5,Pol,2p6,5.7193930508403366
2028,ens5,Ref,2p6,5.719292783487395
2028,ens5,Ref,8p5,5.719278459579832
2028,ens6,Pol,2p6,5.719564937731093
2028,ens6,Ref,2p6,5.719445571834734
2028,ens6,Ref,8p5,5.719383501568627
2028,ens7,Pol,2p6,5.719407374747899
2028,ens7,Ref,2p6,5.719345304481792
2028,ens7,Ref,8p5,5.719354853753502
2028,ens8,Pol,2p6,5.71950764210084
2028,ens8,Ref,2p6,5.71936440302521
2028,ens8,Ref,8p5,5.719307107394959
2028,ens9,Pol,2p6,5.719498092829133
2028,ens9,Ref,2p6,5.719407374747899
2028,ens9,Ref,8p5,5.719321431302521
2029,ens1,Pol,2p6,5.717320858879551
2029,ens1,Ref,2p6,5.71712032417367
2029,ens1,Ref,8p5,5.717177619803921
2029,ens10,Pol,2p6,5.71641845270308
2029,ens10,Ref,2p6,5.716852944565826
2029,ens10,Ref,8p5,5.7168386206582635
2029,ens11,Pol,2p6,5.716528269327732
2029,ens11,Ref,2p6,5.716833846022409
2029,ens11,Ref,8p5,5.716862493837535
2029,ens12,Pol,2p6,5.716528269327732
2029,ens12,Ref,2p6,5.716852944565826
2029,ens12,Ref,8p5,5.716833846022409
2029,ens13,Pol,2p6,5.717277887156862
2029,ens13,Ref,2p6,5.717048704635856
2029,ens13,Ref,8p5,5.717058253907563
2029,ens2,Pol,2p6,5.717382929145658
2029,ens2,Ref,2p6,5.71718716907563
2029,ens2,Ref,8p5,5.717110774901961
2029,ens3,Pol,2p6,5.717335182787115
2029,ens3,Ref,2p6,5.717134648081233
2029,ens3,Ref,8p5,5.717225366162464
2029,ens4,Pol,2p6,5.71722059152661
2029,ens4,Ref,2p6,5.717101225630253
2029,ens4,Ref,8p5,5.717039155364146
2029,ens5,Pol,2p6,5.71722059152661
2029,ens5,Ref,2p6,5.717063028543417
2029,ens5,Ref,8p5,5.717067803179272
2029,ens6,Pol,2p6,5.717354281330532
2029,ens6,Ref,2p6,5.717163295896358
2029,ens6,Ref,8p5,5.71712032417367
2029,ens7,Pol,2p6,5.717215816890757
2029,ens7,Ref,2p6,5.717101225630253
2029,ens7,Ref,8p5,5.7171060002661065
2029,ens8,Pol,2p6,5.717325633515406
2029,ens8,Ref,2p6,5.717110774901961
2029,ens8,Ref,8p5,5.717082127086835
2029,ens9,Pol,2p6,5.717320858879551
2029,ens9,Ref,2p6,5.71714419735294
2029,ens9,Ref,8p5,5.717077352450981
2030,ens1,Pol,2p6,5.7151197517507
2030,ens1,Ref,2p6,5.714857146778712
2030,ens1,Ref,8p5,5.714881019957983
2030,ens10,Pol,2p6,5.714236444117646
2030,ens10,Ref,2p6,5.714737780882353
2030,ens10,Ref,8p5,5.714737780882353
2030,ens11,Pol,2p6,5.7143558100140055
2030,ens11,Ref,2p6,5.714713907703081
2030,ens11,Ref,8p5,5.714737780882353
2030,ens12,Pol,2p6,5.7143558100140055
2030,ens12,Ref,2p6,5.714737780882353
2030,ens12,Ref,8p5,5.714713907703081
2030,ens13,Pol,2p6,5.715143624929972
2030,ens13,Ref,2p6,5.71483327359944
2030,ens13,Ref,8p5,5.71483327359944
2030,ens2,Pol,2p6,5.715191371288515
2030,ens2,Ref,2p6,5.714928766316526
2030,ens2,Ref,8p5,5.714857146778712
2030,ens3,Pol,2p6,5.715143624929972
2030,ens3,Ref,2p6,5.714857146778712
2030,ens3,Ref,8p5,5.714881019957983
2030,ens4,Pol,2p6,5.715024259033613
2030,ens4,Ref,2p6,5.714857146778712
2030,ens4,Ref,8p5,5.714857146778712
2030,ens5,Pol,2p6,5.715048132212885
2030,ens5,Ref,2p6,5.71483327359944
2030,ens5,Ref,8p5,5.714857146778712
2030,ens6,Pol,2p6,5.715143624929972
2030,ens6,Ref,2p6,5.714881019957983
2030,ens6,Ref,8p5,5.714857146778712
2030,ens7,Pol,2p6,5.715024259033613
2030,ens7,Ref,2p6,5.714857146778712
2030,ens7,Ref,8p5,5.714857146778712
2030,ens8,Pol,2p6,5.715143624929972
2030,ens8,Ref,2p6,5.714857146778712
2030,ens8,Ref,8p5,5.714857146778712
2030,ens9,Pol,2p6,5.715143624929972
2030,ens9,Ref,2p6,5.714881019957983
2030,ens9,Ref,8p5,5.71483327359944
2031,ens1,Pol,2p6,5.713868797156862
2031,ens1,Ref,2p6,5.713539347282914
2031,ens1,Ref,8p5,5.713563220462184
2031,ens10,Pol,2p6,5.7131669256862745
2031,ens10,Ref,2p6,5.713443854565827
2031,ens10,Ref,8p5,5.713443854565827
2031,ens11,Pol,2p6,5.713262418403361
2031,ens11,Ref,2p6,5.713424756022409
2031,ens11,Ref,8p5,5.713439079929972
2031,ens12,Pol,2p6,5.713262418403361
2031,ens12,Ref,2p6,5.713443854565827
2031,ens12,Ref,8p5,5.713424756022409
2031,ens13,Pol,2p6,5.71388789570028
2031,ens13,Ref,2p6,5.713520248739496
2031,ens13,Ref,8p5,5.713520248739496
2031,ens2,Pol,2p6,5.713930867422969
2031,ens2,Ref,2p6,5.713596642913165
2031,ens2,Ref,8p5,5.713539347282914
2031,ens3,Pol,2p6,5.713892670336134
2031,ens3,Ref,2p6,5.713539347282914
2031,ens3,Ref,8p5,5.713563220462184
2031,ens4,Pol,2p6,5.713797177619048
2031,ens4,Ref,2p6,5.713539347282914
2031,ens4,Ref,8p5,5.713539347282914
2031,ens5,Pol,2p6,5.713816276162465
2031,ens5,Ref,2p6,5.713520248739496
2031,ens5,Ref,8p5,5.713539347282914
2031,ens6,Pol,2p6,5.713892670336134
2031,ens6,Ref,2p6,5.7135584458263295
2031,ens6,Ref,8p5,5.713539347282914
2031,ens7,Pol,2p6,5.713797177619048
2031,ens7,Ref,2p6,5.713539347282914
2031,ens7,Ref,8p5,5.713539347282914
2031,ens8,Pol,2p6,5.713892670336134
2031,ens8,Ref,2p6,5.713539347282914
2031,ens8,Ref,8p5,5.713539347282914
2031,ens9,Pol,2p6,5.713892670336134
2031,ens9,Ref,2p6,5.7135584458263295
2031,ens9,Ref,8p5,5.713520248739496
2032,ens1,Pol,2p6,5.712617842563025
2032,ens1,Ref,2p6,5.712221547787115
2032,ens1,Ref,8p5,5.7122454209663855
2032,ens10,Pol,2p6,5.712097407254902
2032,ens10,Ref,2p6,5.7121499282493
2032,ens10,Ref,8p5,5.7121499282493
2032,ens11,Pol,2p6,5.712169026792717
2032,ens11,Ref,2p6,5.7121356043417375
2032,ens11,Ref,8p5,5.71214037897759
2032,ens12,Pol,2p6,5.712169026792717
2032,ens12,Ref,2p6,5.7121499282493
2032,ens12,Ref,8p5,5.7121356043417375
2032,ens13,Pol,2p6,5.712632166470588
2032,ens13,Ref,2p6,5.7122072238795525
2032,ens13,Ref,8p5,5.7122072238795525
2032,ens2,Pol,2p6,5.712670363557424
2032,ens2,Ref,2p6,5.712264519509803
2032,ens2,Ref,8p5,5.712221547787115
2032,ens3,Pol,2p6,5.712641715742297
2032,ens3,Ref,2p6,5.712221547787115
2032,ens3,Ref,8p5,5.7122454209663855
2032,ens4,Pol,2p6,5.712570096204482
2032,ens4,Ref,2p6,5.712221547787115
2032,ens4,Ref,8p5,5.712221547787115
2032,ens5,Pol,2p6,5.712584420112044
2032,ens5,Ref,2p6,5.7122072238795525
2032,ens5,Ref,8p5,5.712221547787115
2032,ens6,Pol,2p6,5.712641715742297
2032,ens6,Ref,2p6,5.712235871694677
2032,ens6,Ref,8p5,5.712221547787115
2032,ens7,Pol,2p6,5.712570096204482
2032,ens7,Ref,2p6,5.712221547787115
2032,ens7,Ref,8p5,5.712221547787115
2032,ens8,Pol,2p6,5.712641715742297
2032,ens8,Ref,2p6,5.712221547787115
2032,ens8,Ref,8p5,5.712221547787115
2032,ens9,Pol,2p6,5.712641715742297
2032,ens9,Ref,2p6,5.712235871694677
2032,ens9,Ref,8p5,5.7122072238795525
2033,ens1,Pol,2p6,5.711366887969188
2033,ens1,Ref,2p6,5.710903748291316
2033,ens1,Ref,8p5,5.710927621470589
2033,ens10,Pol,2p6,5.71102788882353
2033,ens10,Ref,2p6,5.710856001932773
2033,ens10,Ref,8p5,5.710856001932773
2033,ens11,Pol,2p6,5.711075635182073
2033,ens11,Ref,2p6,5.710846452661064
2033,ens11,Ref,8p5,5.71084167802521
2033,ens12,Pol,2p6,5.711075635182073
2033,ens12,Ref,2p6,5.710856001932773
2033,ens12,Ref,8p5,5.710846452661064
2033,ens13,Pol,2p6,5.711376437240896
2033,ens13,Ref,2p6,5.7108941990196085
2033,ens13,Ref,8p5,5.7108941990196085
2033,ens2,Pol,2p6,5.7114098596918765
2033,ens2,Ref,2p6,5.7109323961064415
2033,ens2,Ref,8p5,5.710903748291316
2033,ens3,Pol,2p6,5.7113907611484604
2033,ens3,Ref,2p6,5.710903748291316
2033,ens3,Ref,8p5,5.710927621470589
2033,ens4,Pol,2p6,5.711343014789916
2033,ens4,Ref,2p6,5.710903748291316
2033,ens4,Ref,8p5,5.710903748291316
2033,ens5,Pol,2p6,5.711352564061625
2033,ens5,Ref,2p6,5.7108941990196085
2033,ens5,Ref,8p5,5.710903748291316
2033,ens6,Pol,2p6,5.7113907611484604
2033,ens6,Ref,2p6,5.710913297563025
2033,ens6,Ref,8p5,5.710903748291316
2033,ens7,Pol,2p6,5.711343014789916
2033,ens7,Ref,2p6,5.710903748291316
2033,ens7,Ref,8p5,5.710903748291316
2033,ens8,Pol,2p6,5.7113907611484604
2033,ens8,Ref,2p6,5.710903748291316
2033,ens8,Ref,8p5,5.710903748291316
2033,ens9,Pol,2p6,5.7113907611484604
2033,ens9,Ref,2p6,5.710913297563025
2033,ens9,Ref,8p5,5.7108941990196085
2034,ens1,Pol,2p6,5.71011593337535
2034,ens1,Ref,2p6,5.709585948795518
2034,ens1,Ref,8p5,5.70960982197479
2034,ens10,Pol,2p6,5.709958370392156
2034,ens10,Ref,2p6,5.709562075616246
2034,ens10,Ref,8p5,5.709562075616246
2034,ens11,Pol,2p6,5.709982243571429
2034,ens11,Ref,2p6,5.709557300980393
2034,ens11,Ref,8p5,5.709542977072829
2034,ens12,Pol,2p6,5.709982243571429
2034,ens12,Ref,2p6,5.709562075616246
2034,ens12,Ref,8p5,5.709557300980393
2034,ens13,Pol,2p6,5.710120708011204
2034,ens13,Ref,2p6,5.7095811741596645
2034,ens13,Ref,8p5,5.7095811741596645
2034,ens2,Pol,2p6,5.710149355826331
2034,ens2,Ref,2p6,5.709600272703081
2034,ens2,Ref,8p5,5.709585948795518
2034,ens3,Pol,2p6,5.710139806554622
2034,ens3,Ref,2p6,5.709585948795518
2034,ens3,Ref,8p5,5.70960982197479
2034,ens4,Pol,2p6,5.71011593337535
2034,ens4,Ref,2p6,5.709585948795518
2034,ens4,Ref,8p5,5.709585948795518
2034,ens5,Pol,2p6,5.710120708011204
2034,ens5,Ref,2p6,5.7095811741596645
2034,ens5,Ref,8p5,5.709585948795518
2034,ens6,Pol,2p6,5.710139806554622
2034,ens6,Ref,2p6,5.709590723431372
2034,ens6,Ref,8p5,5.709585948795518
2034,ens7,Pol,2p6,5.71011593337535
2034,ens7,Ref,2p6,5.709585948795518
2034,ens7,Ref,8p5,5.709585948795518
2034,ens8,Pol,2p6,5.710139806554622
2034,ens8,Ref,2p6,5.709585948795518
2034,ens8,Ref,8p5,5.709585948795518
2034,ens9,Pol,2p6,5.710139806554622
2034,ens9,Ref,2p6,5.709590723431372
2034,ens9,Ref,8p5,5.7095811741596645
2035,ens1,Pol,2p6,5.708864978781513
2035,ens1,Ref,2p6,5.70826814929972
2035,ens1,Ref,8p5,5.708292022478991
2035,ens10,Pol,2p6,5.7088888519607845
2035,ens10,Ref,2p6,5.70826814929972
2035,ens10,Ref,8p5,5.70826814929972
2035,ens11,Pol,2p6,5.7088888519607845
2035,ens11,Ref,2p6,5.70826814929972
2035,ens11,Ref,8p5,5.708244276120448
2035,ens12,Pol,2p6,5.7088888519607845
2035,ens12,Ref,2p6,5.70826814929972
2035,ens12,Ref,8p5,5.70826814929972
2035,ens13,Pol,2p6,5.708864978781513
2035,ens13,Ref,2p6,5.70826814929972
2035,ens13,Ref,8p5,5.70826814929972
2035,ens2,Pol,2p6,5.7088888519607845
2035,ens2,Ref,2p6,5.70826814929972
2035,ens2,Ref,8p5,5.70826814929972
2035,ens3,Pol,2p6,5.7088888519607845
2035,ens3,Ref,2p6,5.70826814929972
2035,ens3,Ref,8p5,5.708292022478991
2035,ens4,Pol,2p6,5.7088888519607845
2035,ens4,Ref,2p6,5.70826814929972
2035,ens4,Ref,8p5,5.70826814929972
2035,ens5,Pol,2p6,5.7088888519607845
2035,ens5,Ref,2p6,5.70826814929972
2035,ens5,Ref,8p5,5.70826814929972
2035,ens6,Pol,2p6,5.7088888519607845
2035,ens6,Ref,2p6,5.70826814929972
2035,ens6,Ref,8p5,5.70826814929972
2035,ens7,Pol,2p6,5.7088888519607845
2035,ens7,Ref,2p6,5.70826814929972
2035,ens7,Ref,8p5,5.70826814929972
2035,ens8,Pol,2p6,5.7088888519607845
2035,ens8,Ref,2p6,5.70826814929972
2035,ens8,Ref,8p5,5.70826814929972
2035,ens9,Pol,2p6,5.7088888519607845
2035,ens9,Ref,2p6,5.70826814929972
2035,ens9,Ref,8p5,5.70826814929972
2036,ens1,Pol,2p6,5.817125072142858
2036,ens1,Ref,2p6,5.700093972717086
2036,ens1,Ref,8p5,5.700113071260504
2036,ens10,Pol,2p6,5.76096055312465
2036,ens10,Ref,2p6,5.700093972717086
2036,ens10,Ref,8p5,5.700093972717086
2036,ens11,Pol,2p6,5.778705487277311
2036,ens11,Ref,2p6,5.700093972717086
2036,ens11,Ref,8p5,5.7000700995378155
2036,ens12,Pol,2p6,5.756784656606443
2036,ens12,Ref,2p6,5.700089198081232
2036,ens12,Ref,8p5,5.700093972717086
2036,ens13,Pol,2p6,5.703178387478992
2036,ens13,Ref,2p6,5.700093972717086
2036,ens13,Ref,8p5,5.700093972717086
2036,ens2,Pol,2p6,5.703197486022409
2036,ens2,Ref,2p6,5.700093972717086
2036,ens2,Ref,8p5,5.700093972717086
2036,ens3,Pol,2p6,5.801383575194678
2036,ens3,Ref,2p6,5.700093972717086
2036,ens3,Ref,8p5,5.700113071260504
2036,ens4,Pol,2p6,5.703197486022409
2036,ens4,Ref,2p6,5.700093972717086
2036,ens4,Ref,8p5,5.700093972717086
2036,ens5,Pol,2p6,5.813606642981793
2036,ens5,Ref,2p6,5.700093972717086
2036,ens5,Ref,8p5,5.700093972717086
2036,ens6,Pol,2p6,5.806870586718488
2036,ens6,Ref,2p6,5.700093972717086
2036,ens6,Ref,8p5,5.700093972717086
2036,ens7,Pol,2p6,5.755778163368348
2036,ens7,Ref,2p6,5.700093972717086
2036,ens7,Ref,8p5,5.700093972717086
2036,ens8,Pol,2p6,5.793964746004202
2036,ens8,Ref,2p6,5.700093972717086
2036,ens8,Ref,8p5,5.700093972717086
2036,ens9,Pol,2p6,5.8003961805
2036,ens9,Ref,2p6,5.700093972717086
2036,ens9,Ref,8p5,5.700093972717086
2037,ens1,Pol,2p6,5.925385165504203
2037,ens1,Ref,2p6,5.691919796134454
2037,ens1,Ref,8p5,5.691934120042016
2037,ens10,Pol,2p6,5.813032254288515
2037,ens10,Ref,2p6,5.691919796134454
2037,ens10,Ref,8p5,5.691919796134454
2037,ens11,Pol,2p6,5.848522122593837
2037,ens11,Ref,2p6,5.691919796134454
2037,ens11,Ref,8p5,5.691895922955183
2037,ens12,Pol,2p6,5.804680461252101
2037,ens12,Ref,2p6,5.691910246862745
2037,ens12,Ref,8p5,5.691919796134454
2037,ens13,Pol,2p6,5.69749179617647
2037,ens13,Ref,2p6,5.691919796134454
2037,ens13,Ref,8p5,5.691919796134454
2037,ens2,Pol,2p6,5.697506120084034
2037,ens2,Ref,2p6,5.691919796134454
2037,ens2,Ref,8p5,5.691919796134454
2037,ens3,Pol,2p6,5.893878298428572
2037,ens3,Ref,2p6,5.691919796134454
2037,ens3,Ref,8p5,5.691934120042016
2037,ens4,Pol,2p6,5.697506120084034
2037,ens4,Ref,2p6,5.691919796134454
2037,ens4,Ref,8p5,5.691919796134454
2037,ens5,Pol,2p6,5.918324434002801
2037,ens5,Ref,2p6,5.691919796134454
2037,ens5,Ref,8p5,5.691919796134454
2037,ens6,Pol,2p6,5.9048523214761905
2037,ens6,Ref,2p6,5.691919796134454
2037,ens6,Ref,8p5,5.691919796134454
2037,ens7,Pol,2p6,5.802667474775911
2037,ens7,Ref,2p6,5.691919796134454
2037,ens7,Ref,8p5,5.691919796134454
2037,ens8,Pol,2p6,5.879040640047619
2037,ens8,Ref,2p6,5.691919796134454
2037,ens8,Ref,8p5,5.691919796134454
2037,ens9,Pol,2p6,5.891903509039215
2037,ens9,Ref,2p6,5.691919796134454
2037,ens9,Ref,8p5,5.691919796134454
2038,ens1,Pol,2p6,6.033645258865547
2038,ens1,Ref,2p6,5.68374561955182
2038,ens1,Ref,8p5,5.683755168823529
2038,ens10,Pol,2p6,5.865103955452382
2038,ens10,Ref,2p6,5.68374561955182
2038,ens10,Ref,8p5,5.68374561955182
2038,ens11,Pol,2p6,5.918338757910365
2038,ens11,Ref,2p6,5.68374561955182
2038,ens11,Ref,8p5,5.683721746372548
2038,ens12,Pol,2p6,5.85257626589776
2038,ens12,Ref,2p6,5.683731295644257
2038,ens12,Ref,8p5,5.68374561955182
2038,ens13,Pol,2p6,5.691805204873949
2038,ens13,Ref,2p6,5.68374561955182
2038,ens13,Ref,8p5,5.68374561955182
2038,ens2,Pol,2p6,5.691814754145659
2038,ens2,Ref,2p6,5.68374561955182
2038,ens2,Ref,8p5,5.68374561955182
2038,ens3,Pol,2p6,5.986373021662466
2038,ens3,Ref,2p6,5.68374561955182
2038,ens3,Ref,8p5,5.683755168823529
2038,ens4,Pol,2p6,5.691814754145659
2038,ens4,Ref,2p6,5.68374561955182
2038,ens4,Ref,8p5,5.68374561955182
2038,ens5,Pol,2p6,6.0230422250238105
2038,ens5,Ref,2p6,5.68374561955182
2038,ens5,Ref,8p5,5.68374561955182
2038,ens6,Pol,2p6,6.002834056233894
2038,ens6,Ref,2p6,5.68374561955182
2038,ens6,Ref,8p5,5.68374561955182
2038,ens7,Pol,2p6,5.849556786183474
2038,ens7,Ref,2p6,5.68374561955182
2038,ens7,Ref,8p5,5.68374561955182
2038,ens8,Pol,2p6,5.964116534091037
2038,ens8,Ref,2p6,5.68374561955182
2038,ens8,Ref,8p5,5.68374561955182
2038,ens9,Pol,2p6,5.9834108375784325
2038,ens9,Ref,2p6,5.68374561955182
2038,ens9,Ref,8p5,5.68374561955182
2039,ens1,Pol,2p6,6.141905352226891
2039,ens1,Ref,2p6,5.675571442969188
2039,ens1,Ref,8p5,5.675576217605042
2039,ens10,Pol,2p6,5.917175656616247
2039,ens10,Ref,2p6,5.675571442969188
2039,ens10,Ref,8p5,5.675571442969188
2039,ens11,Pol,2p6,5.988155393226891
2039,ens11,Ref,2p6,5.675571442969188
2039,ens11,Ref,8p5,5.675547569789916
2039,ens12,Pol,2p6,5.900472070543418
2039,ens12,Ref,2p6,5.67555234442577
2039,ens12,Ref,8p5,5.675571442969188
2039,ens13,Pol,2p6,5.686118613571428
2039,ens13,Ref,2p6,5.675571442969188
2039,ens13,Ref,8p5,5.675571442969188
2039,ens2,Pol,2p6,5.686123388207283
2039,ens2,Ref,2p6,5.675571442969188
2039,ens2,Ref,8p5,5.675571442969188
2039,ens3,Pol,2p6,6.078867744896359
2039,ens3,Ref,2p6,5.675571442969188
2039,ens3,Ref,8p5,5.675576217605042
2039,ens4,Pol,2p6,5.686123388207283
2039,ens4,Ref,2p6,5.675571442969188
2039,ens4,Ref,8p5,5.675571442969188
2039,ens5,Pol,2p6,6.127760016044818
2039,ens5,Ref,2p6,5.675571442969188
2039,ens5,Ref,8p5,5.675571442969188
2039,ens6,Pol,2p6,6.100815790991597
2039,ens6,Ref,2p6,5.675571442969188
2039,ens6,Ref,8p5,5.675571442969188
2039,ens7,Pol,2p6,5.896446097591037
2039,ens7,Ref,2p6,5.675571442969188
2039,ens7,Ref,8p5,5.675571442969188
2039,ens8,Pol,2p6,6.049192428134455
2039,ens8,Ref,2p6,5.675571442969188
2039,ens8,Ref,8p5,5.675571442969188
2039,ens9,Pol,2p6,6.074918166117648
2039,ens9,Ref,2p6,5.675571442969188
2039,ens9,Ref,8p5,5.675571442969188
2040,ens1,Pol,2p6,6.250165445588236
2040,ens1,Ref,2p6,5.667397266386554
2040,ens1,Ref,8p5,5.667397266386554
2040,ens10,Pol,2p6,5.969247357780112
2040,ens10,Ref,2p6,5.667397266386554
2040,ens10,Ref,8p5,5.667397266386554
2040,ens11,Pol,2p6,6.057972028543418
2040,ens11,Ref,2p6,5.667397266386554
2040,ens11,Ref,8p5,5.667373393207282
2040,ens12,Pol,2p6,5.948367875189076
2040,ens12,Ref,2p6,5.667373393207282
2040,ens12,Ref,8p5,5.667397266386554
2040,ens13,Pol,2p6,5.680432022268908
2040,ens13,Ref,2p6,5.667397266386554
2040,ens13,Ref,8p5,5.667397266386554
2040,ens2,Pol,2p6,5.680432022268908
2040,ens2,Ref,2p6,5.667397266386554
2040,ens2,Ref,8p5,5.667397266386554
2040,ens3,Pol,2p6,6.171362468130252
2040,ens3,Ref,2p6,5.667397266386554
2040,ens3,Ref,8p5,5.667397266386554
2040,ens4,Pol,2p6,5.680432022268908
2040,ens4,Ref,2p6,5.667397266386554
2040,ens4,Ref,8p5,5.667397266386554
2040,ens5,Pol,2p6,6.232477807065827
2040,ens5,Ref,2p6,5.667397266386554
2040,ens5,Ref,8p5,5.667397266386554
2040,ens6,Pol,2p6,6.1987975257493
2040,ens6,Ref,2p6,5.667397266386554
2040,ens6,Ref,8p5,5.667397266386554
2040,ens7,Pol,2p6,5.9433354089986
2040,ens7,Ref,2p6,5.667397266386554
2040,ens7,Ref,8p5,5.667397266386554
2040,ens8,Pol,2p6,6.1342683221778715
2040,ens8,Ref,2p6,5.667397266386554
2040,ens8,Ref,8p5,5.667397266386554
2040,ens9,Pol,2p6,6.166425494656863
2040,ens9,Ref,2p6,5.667397266386554
2040,ens9,Ref,8p5,5.667397266386554
2041,ens1,Pol,2p6,6.3793355792100845
2041,ens1,Ref,2p6,5.68470279080154
2041,ens1,Ref,8p5,5.656453801008403
2041,ens10,Pol,2p6,6.097220012729692
2041,ens10,Ref,2p6,5.656449026372549
2041,ens10,Ref,8p5,5.656449026372549
2041,ens11,Pol,2p6,6.169295528268908
2041,ens11,Ref,2p6,5.656449026372549
2041,ens11,Ref,8p5,5.656429927829132
2041,ens12,Pol,2p6,6.080763275330533
2041,ens12,Ref,2p6,5.656429927829132
2041,ens12,Ref,8p5,5.656449026372549
2041,ens13,Pol,2p6,5.671302918515406
2041,ens13,Ref,2p6,5.656449026372549
2041,ens13,Ref,8p5,5.656449026372549
2041,ens2,Pol,2p6,5.7940401852507
2041,ens2,Ref,2p6,5.656453801008403
2041,ens2,Ref,8p5,5.656453801008403
2041,ens3,Pol,2p6,6.3090343183543425
2041,ens3,Ref,2p6,5.6778836558743695
2041,ens3,Ref,8p5,5.656453801008403
2041,ens4,Pol,2p6,5.815458246766106
2041,ens4,Ref,2p6,5.656453801008403
2041,ens4,Ref,8p5,5.669731060645798
2041,ens5,Pol,2p6,6.345147754102241
2041,ens5,Ref,2p6,5.666539694040757
2041,ens5,Ref,8p5,5.685775221760784
2041,ens6,Pol,2p6,6.333689582978992
2041,ens6,Ref,2p6,5.680414117384454
2041,ens6,Ref,8p5,5.682077648262465
2041,ens7,Pol,2p6,6.117548024879552
2041,ens7,Ref,2p6,5.668988938994958
2041,ens7,Ref,8p5,5.656453801008403
2041,ens8,Pol,2p6,6.259297891586836
2041,ens8,Ref,2p6,5.659623724723823
2041,ens8,Ref,8p5,5.656453801008403
2041,ens9,Pol,2p6,6.245418502621849
2041,ens9,Ref,2p6,5.656453801008403
2041,ens9,Ref,8p5,5.66767734652577
2042,ens1,Pol,2p6,6.508505712831933
2042,ens1,Ref,2p6,5.702008315216527
2042,ens1,Ref,8p5,5.645510335630252
2042,ens10,Pol,2p6,6.225192667679272
2042,ens10,Ref,2p6,5.645500786358543
2042,ens10,Ref,8p5,5.645500786358543
2042,ens11,Pol,2p6,6.280619027994398
2042,ens11,Ref,2p6,5.645500786358543
2042,ens11,Ref,8p5,5.64548646245098
2042,ens12,Pol,2p6,6.2131586754719885
2042,ens12,Ref,2p6,5.64548646245098
2042,ens12,Ref,8p5,5.645500786358543
2042,ens13,Pol,2p6,5.662173814761904
2042,ens13,Ref,2p6,5.645500786358543
2042,ens13,Ref,8p5,5.645500786358543
2042,ens2,Pol,2p6,5.907648348232493
2042,ens2,Ref,2p6,5.645510335630252
2042,ens2,Ref,8p5,5.645510335630252
2042,ens3,Pol,2p6,6.446706168578431
2042,ens3,Ref,2p6,5.688370045362185
2042,ens3,Ref,8p5,5.645510335630252
2042,ens4,Pol,2p6,5.950484471263305
2042,ens4,Ref,2p6,5.645510335630252
2042,ens4,Ref,8p5,5.672064854905042
2042,ens5,Pol,2p6,6.457817701138655
2042,ens5,Ref,2p6,5.6656821216949576
2042,ens5,Ref,8p5,5.704153177135014
2042,ens6,Pol,2p6,6.468581640208684
2042,ens6,Ref,2p6,5.693430968382353
2042,ens6,Ref,8p5,5.696758030138375
2042,ens7,Pol,2p6,6.291760640760503
2042,ens7,Ref,2p6,5.670580611603361
2042,ens7,Ref,8p5,5.645510335630252
2042,ens8,Pol,2p6,6.384327460995798
2042,ens8,Ref,2p6,5.651850183061093
2042,ens8,Ref,8p5,5.645510335630252
2042,ens9,Pol,2p6,6.324411510586835
2042,ens9,Ref,2p6,5.645510335630252
2042,ens9,Ref,8p5,5.667957426664986
2043,ens1,Pol,2p6,6.637675846453782
2043,ens1,Ref,2p6,5.719313839631513
2043,ens1,Ref,8p5,5.634566870252101
2043,ens10,Pol,2p6,6.353165322628852
2043,ens10,Ref,2p6,5.634552546344539
2043,ens10,Ref,8p5,5.634552546344539
2043,ens11,Pol,2p6,6.3919425277198885
2043,ens11,Ref,2p6,5.634552546344539
2043,ens11,Ref,8p5,5.634542997072829
2043,ens12,Pol,2p6,6.345554075613446
2043,ens12,Ref,2p6,5.634542997072829
2043,ens12,Ref,8p5,5.634552546344539
2043,ens13,Pol,2p6,5.653044711008403
2043,ens13,Ref,2p6,5.634552546344539
2043,ens13,Ref,8p5,5.634552546344539
2043,ens2,Pol,2p6,6.021256511214285
2043,ens2,Ref,2p6,5.634566870252101
2043,ens2,Ref,8p5,5.634566870252101
2043,ens3,Pol,2p6,6.584378018802522
2043,ens3,Ref,2p6,5.698856434850001
2043,ens3,Ref,8p5,5.634566870252101
2043,ens4,Pol,2p6,6.085510695760504
2043,ens4,Ref,2p6,5.634566870252101
2043,ens4,Ref,8p5,5.674398649164286
2043,ens5,Pol,2p6,6.570487648175071
2043,ens5,Ref,2p6,5.66482454934916
2043,ens5,Ref,8p5,5.7225311325092445
2043,ens6,Pol,2p6,6.6034736974383765
2043,ens6,Ref,2p6,5.706447819380252
2043,ens6,Ref,8p5,5.711438412014286
2043,ens7,Pol,2p6,6.4659732566414565
2043,ens7,Ref,2p6,5.672172284211765
2043,ens7,Ref,8p5,5.634566870252101
2043,ens8,Pol,2p6,6.509357030404763
2043,ens8,Ref,2p6,5.644076641398362
2043,ens8,Ref,8p5,5.634566870252101
2043,ens9,Pol,2p6,6.403404518551821
2043,ens9,Ref,2p6,5.634566870252101
2043,ens9,Ref,8p5,5.668237506804203
2044,ens1,Pol,2p6,6.76684598007563
2044,ens1,Ref,2p6,5.736619364046499
2044,ens1,Ref,8p5,5.62362340487395
2044,ens10,Pol,2p6,6.481137977578432
2044,ens10,Ref,2p6,5.623604306330532
2044,ens10,Ref,8p5,5.623604306330532
2044,ens11,Pol,2p6,6.503266027445378
2044,ens11,Ref,2p6,5.623604306330532
2044,ens11,Ref,8p5,5.623599531694678
2044,ens12,Pol,2p6,6.477949475754903
2044,ens12,Ref,2p6,5.623599531694678
2044,ens12,Ref,8p5,5.623604306330532
2044,ens13,Pol,2p6,5.643915607254901
2044,ens13,Ref,2p6,5.623604306330532
2044,ens13,Ref,8p5,5.623604306330532
2044,ens2,Pol,2p6,6.134864674196078
2044,ens2,Ref,2p6,5.62362340487395
2044,ens2,Ref,8p5,5.62362340487395
2044,ens3,Pol,2p6,6.722049869026611
2044,ens3,Ref,2p6,5.709342824337815
2044,ens3,Ref,8p5,5.62362340487395
2044,ens4,Pol,2p6,6.220536920257703
2044,ens4,Ref,2p6,5.62362340487395
2044,ens4,Ref,8p5,5.676732443423529
2044,ens5,Pol,2p6,6.683157595211485
2044,ens5,Ref,2p6,5.663966977003361
2044,ens5,Ref,8p5,5.740909087883473
2044,ens6,Pol,2p6,6.7383657546680675
2044,ens6,Ref,2p6,5.7194646703781515
2044,ens6,Ref,8p5,5.726118793890196
2044,ens7,Pol,2p6,6.640185872522408
2044,ens7,Ref,2p6,5.673763956820168
2044,ens7,Ref,8p5,5.62362340487395
2044,ens8,Pol,2p6,6.634386599813726
2044,ens8,Ref,2p6,5.636303099735631
2044,ens8,Ref,8p5,5.62362340487395
2044,ens9,Pol,2p6,6.482397526516807
2044,ens9,Ref,2p6,5.62362340487395
2044,ens9,Ref,8p5,5.668517586943417
2045,ens1,Pol,2p6,6.8960161136974785
2045,ens1,Ref,2p6,5.753924888461485
2045,ens1,Ref,8p5,5.6126799394957985
2045,ens10,Pol,2p6,6.609110632528011
2045,ens10,Ref,2p6,5.612656066316527
2045,ens10,Ref,8p5,5.612656066316527
2045,ens11,Pol,2p6,6.614589527170868
2045,ens11,Ref,2p6,5.612656066316527
2045,ens11,Ref,8p5,5.612656066316527
2045,ens12,Pol,2p6,6.6103448758963586
2045,ens12,Ref,2p6,5.612656066316527
2045,ens12,Ref,8p5,5.612656066316527
2045,ens13,Pol,2p6,5.6347865035014
2045,ens13,Ref,2p6,5.612656066316527
2045,ens13,Ref,8p5,5.612656066316527
2045,ens2,Pol,2p6,6.248472837177871
2045,ens2,Ref,2p6,5.6126799394957985
2045,ens2,Ref,8p5,5.6126799394957985
2045,ens3,Pol,2p6,6.8597217192507
2045,ens3,Ref,2p6,5.719829213825631
2045,ens3,Ref,8p5,5.6126799394957985
2045,ens4,Pol,2p6,6.3555631447549015
2045,ens4,Ref,2p6,5.6126799394957985
2045,ens4,Ref,8p5,5.679066237682774
2045,ens5,Pol,2p6,6.795827542247899
2045,ens5,Ref,2p6,5.663109404657564
2045,ens5,Ref,8p5,5.759287043257704
2045,ens6,Pol,2p6,6.8732578118977585
2045,ens6,Ref,2p6,5.732481521376051
2045,ens6,Ref,8p5,5.7407991757661065
2045,ens7,Pol,2p6,6.814398488403361
2045,ens7,Ref,2p6,5.675355629428572
2045,ens7,Ref,8p5,5.6126799394957985
2045,ens8,Pol,2p6,6.759416169222689
2045,ens8,Ref,2p6,5.628529558072899
2045,ens8,Ref,8p5,5.6126799394957985
2045,ens9,Pol,2p6,6.561390534481792
2045,ens9,Ref,2p6,5.6126799394957985
2045,ens9,Ref,8p5,5.668797667082633
2046,ens1,Pol,2p6,7.010863294683473
2046,ens1,Ref,2p6,5.797599294309244
2046,ens1,Ref,8p5,5.629659642760084
2046,ens10,Pol,2p6,6.762516817746499
2046,ens10,Ref,2p6,5.667893351051821
2046,ens10,Ref,8p5,5.631294955540196
2046,ens11,Pol,2p6,6.781558065533614
2046,ens11,Ref,2p6,5.680827839581233
2046,ens11,Ref,8p5,5.685673140046219
2046,ens12,Pol,2p6,9.160692744313724
2046,ens12,Ref,2p6,5.6529582900994395
2046,ens12,Ref,8p5,5.675602478102241
2046,ens13,Pol,2p6,5.679665215750701
2046,ens13,Ref,2p6,5.598642510084034
2046,ens13,Ref,8p5,5.661159204642857
2046,ens2,Pol,2p6,6.430388850546218
2046,ens2,Ref,2p6,5.6282580484050415
2046,ens2,Ref,8p5,5.691528275994398
2046,ens3,Pol,2p6,7.013450192389355
2046,ens3,Ref,2p6,5.798282067236415
2046,ens3,Ref,8p5,5.716844827684874
2046,ens4,Pol,2p6,6.519480690806723
2046,ens4,Ref,2p6,5.631612564317227
2046,ens4,Ref,8p5,5.764279259267927
2046,ens5,Pol,2p6,6.962503872896359
2046,ens5,Ref,2p6,5.753113677829832
2046,ens5,Ref,8p5,5.834586201940336
2046,ens6,Pol,2p6,9.39447944667647
2046,ens6,Ref,2p6,5.810767501263726
2046,ens6,Ref,8p5,5.807593180108683
2046,ens7,Pol,2p6,9.38678703085154
2046,ens7,Ref,2p6,5.7589940716016805
2046,ens7,Ref,8p5,5.711993797656863
2046,ens8,Pol,2p6,6.890295145016807
2046,ens8,Ref,2p6,5.687420332093669
2046,ens8,Ref,8p5,5.693148309939776
2046,ens9,Pol,2p6,7.466410346619047
2046,ens9,Ref,2p6,5.699420271598039
2046,ens9,Ref,8p5,5.739364779662745
2047,ens1,Pol,2p6,7.125710475669468
2047,ens1,Ref,2p6,5.841273700157003
2047,ens1,Ref,8p5,5.64663934602437
2047,ens10,Pol,2p6,6.915923002964985
2047,ens10,Ref,2p6,5.723130635787115
2047,ens10,Ref,8p5,5.649933844763866
2047,ens11,Pol,2p6,6.948526603896358
2047,ens11,Ref,2p6,5.748999612845939
2047,ens11,Ref,8p5,5.75869021377591
2047,ens12,Pol,2p6,11.711040612731091
2047,ens12,Ref,2p6,5.693260513882353
2047,ens12,Ref,8p5,5.738548889887955
2047,ens13,Pol,2p6,5.724543928
2047,ens13,Ref,2p6,5.58462895385154
2047,ens13,Ref,8p5,5.709662342969188
2047,ens2,Pol,2p6,6.612304863914566
2047,ens2,Ref,2p6,5.6438361573142855
2047,ens2,Ref,8p5,5.770376612492997
2047,ens3,Pol,2p6,7.167178665528011
2047,ens3,Ref,2p6,5.876734920647199
2047,ens3,Ref,8p5,5.8210097158739496
2047,ens4,Pol,2p6,6.683398236858543
2047,ens4,Ref,2p6,5.650545189138655
2047,ens4,Ref,8p5,5.849492280853082
2047,ens5,Pol,2p6,7.129180203544817
2047,ens5,Ref,2p6,5.843117951002101
2047,ens5,Ref,8p5,5.90988536062297
2047,ens6,Pol,2p6,11.915701081455182
2047,ens6,Ref,2p6,5.889053481151401
2047,ens6,Ref,8p5,5.874387184451261
2047,ens7,Pol,2p6,11.959175573299719
2047,ens7,Ref,2p6,5.84263251377479
2047,ens7,Ref,8p5,5.811307655817927
2047,ens8,Pol,2p6,7.021174120810924
2047,ens8,Ref,2p6,5.746311106114439
2047,ens8,Ref,8p5,5.773616680383754
2047,ens9,Pol,2p6,8.371430158756302
2047,ens9,Ref,2p6,5.786160603700281
2047,ens9,Ref,8p5,5.809931892242857
2048,ens1,Pol,2p6,7.2405576566554615
2048,ens1,Ref,2p6,5.884948106004763
2048,ens1,Ref,8p5,5.663619049288656
2048,ens10,Pol,2p6,7.069329188183473
2048,ens10,Ref,2p6,5.77836792052241
2048,ens10,Ref,8p5,5.668572733987536
2048,ens11,Pol,2p6,7.115495142259103
2048,ens11,Ref,2p6,5.817171386110645
2048,ens11,Ref,8p5,5.831707287505603
2048,ens12,Pol,2p6,14.261388481148458
2048,ens12,Ref,2p6,5.733562737665267
2048,ens12,Ref,8p5,5.80149530167367
2048,ens13,Pol,2p6,5.769422640249299
2048,ens13,Ref,2p6,5.570615397619048
2048,ens13,Ref,8p5,5.758165481295519
2048,ens2,Pol,2p6,6.794220877282913
2048,ens2,Ref,2p6,5.65941426622353
2048,ens2,Ref,8p5,5.849224948991597
2048,ens3,Pol,2p6,7.320907138666666
2048,ens3,Ref,2p6,5.9551877740579835
2048,ens3,Ref,8p5,5.9251746040630255
2048,ens4,Pol,2p6,6.847315782910364
2048,ens4,Ref,2p6,5.669477813960085
2048,ens4,Ref,8p5,5.9347053024382355
2048,ens5,Pol,2p6,7.295856534193278
2048,ens5,Ref,2p6,5.933122224174371
2048,ens5,Ref,8p5,5.985184519305603
2048,ens6,Pol,2p6,14.436922716233891
2048,ens6,Ref,2p6,5.967339461039076
2048,ens6,Ref,8p5,5.941181188793838
2048,ens7,Pol,2p6,14.531564115747898
2048,ens7,Ref,2p6,5.926270955947899
2048,ens7,Ref,8p5,5.910621513978992
2048,ens8,Pol,2p6,7.152053096605041
2048,ens8,Ref,2p6,5.80520188013521
2048,ens8,Ref,8p5,5.854085050827731
2048,ens9,Pol,2p6,9.276449970893557
2048,ens9,Ref,2p6,5.872900935802521
2048,ens9,Ref,8p5,5.88049900482297
2049,ens1,Pol,2p6,7.355404837641458
2049,ens1,Ref,2p6,5.928622511852522
2049,ens1,Ref,8p5,5.6805987525529416
2049,ens10,Pol,2p6,7.222735373401961
2049,ens10,Ref,2p6,5.833605205257704
2049,ens10,Ref,8p5,5.687211623211205
2049,ens11,Pol,2p6,7.2824636806218495
2049,ens11,Ref,2p6,5.885343159375351
2049,ens11,Ref,8p5,5.904724361235295
2049,ens12,Pol,2p6,16.811736349565827
2049,ens12,Ref,2p6,5.77386496144818
2049,ens12,Ref,8p5,5.864441713459384
2049,ens13,Pol,2p6,5.8143013524986
2049,ens13,Ref,2p6,5.556601841386556
2049,ens13,Ref,8p5,5.806668619621849
2049,ens2,Pol,2p6,6.9761368906512615
2049,ens2,Ref,2p6,5.674992375132774
2049,ens2,Ref,8p5,5.928073285490197
2049,ens3,Pol,2p6,7.474635611805322
2049,ens3,Ref,2p6,6.033640627468769
2049,ens3,Ref,8p5,6.0293394922521015
2049,ens4,Pol,2p6,7.011233328962185
2049,ens4,Ref,2p6,5.6884104387815135
2049,ens4,Ref,8p5,6.01991832402339
2049,ens5,Pol,2p6,7.462532864841736
2049,ens5,Ref,2p6,6.023126497346639
2049,ens5,Ref,8p5,6.060483677988236
2049,ens6,Pol,2p6,16.958144351012606
2049,ens6,Ref,2p6,6.045625440926751
2049,ens6,Ref,8p5,6.007975193136415
2049,ens7,Pol,2p6,17.10395265819608
2049,ens7,Ref,2p6,6.009909398121009
2049,ens7,Ref,8p5,6.009935372140056
2049,ens8,Pol,2p6,7.28293207239916
2049,ens8,Ref,2p6,5.864092654155981
2049,ens8,Ref,8p5,5.934553421271709
2049,ens9,Pol,2p6,10.181469783030813
2049,ens9,Ref,2p6,5.959641267904762
2049,ens9,Ref,8p5,5.951066117403082
2050,ens1,Pol,2p6,7.470252018627451
2050,ens1,Ref,2p6,5.97229691770028
2050,ens1,Ref,8p5,5.697578455817227
2050,ens10,Pol,2p6,7.376141558620448
2050,ens10,Ref,2p6,5.888842489992998
2050,ens10,Ref,8p5,5.705850512434874
2050,ens11,Pol,2p6,7.449432218984594
2050,ens11,Ref,2p6,5.953514932640056
2050,ens11,Ref,8p5,5.977741434964987
2050,ens12,Pol,2p6,19.362084217983192
2050,ens12,Ref,2p6,5.814167185231093
2050,ens12,Ref,8p5,5.927388125245098
2050,ens13,Pol,2p6,5.859180064747899
2050,ens13,Ref,2p6,5.5425882851540615
2050,ens13,Ref,8p5,5.855171757948179
2050,ens2,Pol,2p6,7.158052904019607
2050,ens2,Ref,2p6,5.690570484042017
2050,ens2,Ref,8p5,6.006921621988796
2050,ens3,Pol,2p6,7.6283640849439776
2050,ens3,Ref,2p6,6.112093480879552
2050,ens3,Ref,8p5,6.133504380441177
2050,ens4,Pol,2p6,7.175150875014006
2050,ens4,Ref,2p6,5.707343063602941
2050,ens4,Ref,8p5,6.105131345608544
2050,ens5,Pol,2p6,7.629209195490196
2050,ens5,Ref,2p6,6.113130770518908
2050,ens5,Ref,8p5,6.135782836670868
2050,ens6,Pol,2p6,19.479365985791315
2050,ens6,Ref,2p6,6.1239114208144265
2050,ens6,Ref,8p5,6.074769197478992
2050,ens7,Pol,2p6,19.676341200644256
2050,ens7,Ref,2p6,6.093547840294118
2050,ens7,Ref,8p5,6.1092492303011205
2050,ens8,Pol,2p6,7.413811048193277
2050,ens8,Ref,2p6,5.92298342817675
2050,ens8,Ref,8p5,6.015021791715687
2050,ens9,Pol,2p6,11.086489595168068
2050,ens9,Ref,2p6,6.046381600007003
2050,ens9,Ref,8p5,6.021633229983194
2051,ens1,Pol,2p6,7.618348331312325
2051,ens1,Ref,2p6,6.033236406797339
2051,ens1,Ref,8p5,5.816593989396779
2051,ens10,Pol,2p6,7.531496750194679
2051,ens10,Ref,2p6,5.956963652117647
2051,ens10,Ref,8p5,5.8393034466717095
2051,ens11,Pol,2p6,9.83393836310084
2051,ens11,Ref,2p6,5.9914188568333335
2051,ens11,Ref,8p5,6.040871192767507
2051,ens12,Pol,2p6,19.500089337789916
2051,ens12,Ref,2p6,5.901789870039216
2051,ens12,Ref,8p5,7.366302943978992
2051,ens13,Pol,2p6,6.0635425961946785
2051,ens13,Ref,2p6,5.524683400700281
2051,ens13,Ref,8p5,5.92580676585014
2051,ens2,Pol,2p6,7.296281476784314
2051,ens2,Ref,2p6,5.746181956989216
2051,ens2,Ref,8p5,6.144165187376751
2051,ens3,Pol,2p6,7.769443592777312
2051,ens3,Ref,2p6,6.166207962247339
2051,ens3,Ref,8p5,6.188526806563026
2051,ens4,Pol,2p6,7.399411223920168
2051,ens4,Ref,2p6,5.836444155990336
2051,ens4,Ref,8p5,6.182353679866947
2051,ens5,Pol,2p6,7.770672106582634
2051,ens5,Ref,2p6,6.167581099772689
2051,ens5,Ref,8p5,6.211483398989776
2051,ens6,Pol,2p6,19.610937761247897
2051,ens6,Ref,2p6,6.203181835122549
2051,ens6,Ref,8p5,6.165761008585014
2051,ens7,Pol,2p6,19.79428282312745
2051,ens7,Ref,2p6,6.161862375170868
2051,ens7,Ref,8p5,6.516983556254902
2051,ens8,Pol,2p6,7.575793911796919
2051,ens8,Ref,2p6,5.996105882894384
2051,ens8,Ref,8p5,6.081652789990196
2051,ens9,Pol,2p6,12.961299064661063
2051,ens9,Ref,2p6,7.5295491762296924
2051,ens9,Ref,8p5,6.0677351084456586
2052,ens1,Pol,2p6,7.7664446439971995
2052,ens1,Ref,2p6,6.094175895894399
2052,ens1,Ref,8p5,5.935609522976331
2052,ens10,Pol,2p6,7.686851941768908
2052,ens10,Ref,2p6,6.025084814242297
2052,ens10,Ref,8p5,5.972756380908543
2052,ens11,Pol,2p6,12.218444507217086
2052,ens11,Ref,2p6,6.029322781026611
2052,ens11,Ref,8p5,6.104000950570029
2052,ens12,Pol,2p6,19.638094457596637
2052,ens12,Ref,2p6,5.989412554847339
2052,ens12,Ref,8p5,8.805217762712886
2052,ens13,Pol,2p6,6.267905127641457
2052,ens13,Ref,2p6,5.506778516246499
2052,ens13,Ref,8p5,5.996441773752101
2052,ens2,Pol,2p6,7.4345100495490195
2052,ens2,Ref,2p6,5.801793429936415
2052,ens2,Ref,8p5,6.2814087527647064
2052,ens3,Pol,2p6,7.910523100610644
2052,ens3,Ref,2p6,6.220322443615125
2052,ens3,Ref,8p5,6.243549232684875
2052,ens4,Pol,2p6,7.623671572826331
2052,ens4,Ref,2p6,5.965545248377732
2052,ens4,Ref,8p5,6.259576014125351
2052,ens5,Pol,2p6,7.91213501767507
2052,ens5,Ref,2p6,6.2220314290264715
2052,ens5,Ref,8p5,6.287183961308684
2052,ens6,Pol,2p6,19.742509536704482
2052,ens6,Ref,2p6,6.282452249430673
2052,ens6,Ref,8p5,6.256752819691037
2052,ens7,Pol,2p6,19.912224445610644
2052,ens7,Ref,2p6,6.23017691004762
2052,ens7,Ref,8p5,6.924717882208683
2052,ens8,Pol,2p6,7.73777677540056
2052,ens8,Ref,2p6,6.069228337612017
2052,ens8,Ref,8p5,6.148283788264706
2052,ens9,Pol,2p6,14.83610853415406
2052,ens9,Ref,2p6,9.01271675245238
2052,ens9,Ref,8p5,6.113836986908123
2053,ens1,Pol,2p6,7.914540956682073
2053,ens1,Ref,2p6,6.155115384991457
2053,ens1,Ref,8p5,6.054625056555882
2053,ens10,Pol,2p6,7.842207133343138
2053,ens10,Ref,2p6,6.0932059763669475
2053,ens10,Ref,8p5,6.106209315145379
2053,ens11,Pol,2p6,14.602950651333332
2053,ens11,Ref,2p6,6.0672267052198885
2053,ens11,Ref,8p5,6.167130708372549
2053,ens12,Pol,2p6,19.776099577403357
2053,ens12,Ref,2p6,6.077035239655463
2053,ens12,Ref,8p5,10.244132581446777
2053,ens13,Pol,2p6,6.472267659088235
2053,ens13,Ref,2p6,5.488873631792718
2053,ens13,Ref,8p5,6.0670767816540625
2053,ens2,Pol,2p6,7.572738622313726
2053,ens2,Ref,2p6,5.857404902883614
2053,ens2,Ref,8p5,6.418652318152661
2053,ens3,Pol,2p6,8.051602608443977
2053,ens3,Ref,2p6,6.274436924982914
2053,ens3,Ref,8p5,6.298571658806723
2053,ens4,Pol,2p6,7.847931921732493
2053,ens4,Ref,2p6,6.094646340765126
2053,ens4,Ref,8p5,6.336798348383754
2053,ens5,Pol,2p6,8.053597928767507
2053,ens5,Ref,2p6,6.276481758280252
2053,ens5,Ref,8p5,6.362884523627591
2053,ens6,Pol,2p6,19.874081312161067
2053,ens6,Ref,2p6,6.361722663738796
2053,ens6,Ref,8p5,6.3477446307970595
2053,ens7,Pol,2p6,20.030166068093838
2053,ens7,Ref,2p6,6.2984914449243705
2053,ens7,Ref,8p5,7.332452208162466
2053,ens8,Pol,2p6,7.899759639004202
2053,ens8,Ref,2p6,6.14235079232965
2053,ens8,Ref,8p5,6.214914786539216
2053,ens9,Pol,2p6,16.71091800364706
2053,ens9,Ref,2p6,10.49588432867507
2053,ens9,Ref,8p5,6.159938865370589
2054,ens1,Pol,2p6,8.062637269366947
2054,ens1,Ref,2p6,6.216054874088516
2054,ens1,Ref,8p5,6.1736405901354345
2054,ens10,Pol,2p6,7.997562324917367
2054,ens10,Ref,2p6,6.161327138491598
2054,ens10,Ref,8p5,6.239662249382213
2054,ens11,Pol,2p6,16.98745679544958
2054,ens11,Ref,2p6,6.105130629413166
2054,ens11,Ref,8p5,6.2302604661750705
2054,ens12,Pol,2p6,19.91410469721008
2054,ens12,Ref,2p6,6.164657924463586
2054,ens12,Ref,8p5,11.683047400180673
2054,ens13,Pol,2p6,6.676630190535014
2054,ens13,Ref,2p6,5.470968747338937
2054,ens13,Ref,8p5,6.137711789556023
2054,ens2,Pol,2p6,7.710967195078432
2054,ens2,Ref,2p6,5.913016375830813
2054,ens2,Ref,8p5,6.555895883540615
2054,ens3,Pol,2p6,8.192682116277311
2054,ens3,Ref,2p6,6.328551406350701
2054,ens3,Ref,8p5,6.353594084928572
2054,ens4,Pol,2p6,8.072192270638656
2054,ens4,Ref,2p6,6.223747433152521
2054,ens4,Ref,8p5,6.414020682642158
2054,ens5,Pol,2p6,8.195060839859943
2054,ens5,Ref,2p6,6.330932087534034
2054,ens5,Ref,8p5,6.4385850859464995
2054,ens6,Pol,2p6,20.005653087617645
2054,ens6,Ref,2p6,6.44099307804692
2054,ens6,Ref,8p5,6.438736441903082
2054,ens7,Pol,2p6,20.14810769057703
2054,ens7,Ref,2p6,6.366805979801121
2054,ens7,Ref,8p5,7.740186534116247
2054,ens8,Pol,2p6,8.061742502607842
2054,ens8,Ref,2p6,6.215473247047283
2054,ens8,Ref,8p5,6.281545784813726
2054,ens9,Pol,2p6,18.585727473140057
2054,ens9,Ref,2p6,11.979051904897759
2054,ens9,Ref,8p5,6.2060407438330545
2055,ens1,Pol,2p6,8.210733582051821
2055,ens1,Ref,2p6,6.276994363185574
2055,ens1,Ref,8p5,6.292656123714986
2055,ens10,Pol,2p6,8.152917516491597
2055,ens10,Ref,2p6,6.229448300616247
2055,ens10,Ref,8p5,6.373115183619047
2055,ens11,Pol,2p6,19.371962939565826
2055,ens11,Ref,2p6,6.143034553606443
2055,ens11,Ref,8p5,6.293390223977592
2055,ens12,Pol,2p6,20.052109817016806
2055,ens12,Ref,2p6,6.2522806092717085
2055,ens12,Ref,8p5,13.121962218914565
2055,ens13,Pol,2p6,6.8809927219817935
2055,ens13,Ref,2p6,5.453063862885154
2055,ens13,Ref,8p5,6.208346797457983
2055,ens2,Pol,2p6,7.849195767843137
2055,ens2,Ref,2p6,5.968627848778011
2055,ens2,Ref,8p5,6.693139448928571
2055,ens3,Pol,2p6,8.333761624110645
2055,ens3,Ref,2p6,6.382665887718487
2055,ens3,Ref,8p5,6.40861651105042
2055,ens4,Pol,2p6,8.296452619544818
2055,ens4,Ref,2p6,6.352848525539915
2055,ens4,Ref,8p5,6.491243016900561
2055,ens5,Pol,2p6,8.33652375095238
2055,ens5,Ref,2p6,6.385382416787816
2055,ens5,Ref,8p5,6.514285648265406
2055,ens6,Pol,2p6,20.137224863074227
2055,ens6,Ref,2p6,6.520263492355042
2055,ens6,Ref,8p5,6.529728253009104
2055,ens7,Pol,2p6,20.266049313060222
2055,ens7,Ref,2p6,6.435120514677871
2055,ens7,Ref,8p5,8.147920860070029
2055,ens8,Pol,2p6,8.223725366211484
2055,ens8,Ref,2p6,6.288595701764916
2055,ens8,Ref,8p5,6.348176783088236
2055,ens9,Pol,2p6,20.460536942633052
2055,ens9,Ref,2p6,13.462219481120448
2055,ens9,Ref,8p5,6.252142622295518
2056,ens1,Pol,2p6,8.31449549097479
2056,ens1,Ref,2p6,6.283462371392018
2056,ens1,Ref,8p5,6.277530268313865
2056,ens10,Pol,2p6,10.654722617105042
2056,ens10,Ref,2p6,8.331605398558825
2056,ens10,Ref,8p5,8.608669352558964
2056,ens11,Pol,2p6,19.590609271634456
2056,ens11,Ref,2p6,6.150601873971989
2056,ens11,Ref,8p5,6.249645487743698
2056,ens12,Pol,2p6,20.133229447791315
2056,ens12,Ref,2p6,6.233078933719888
2056,ens12,Ref,8p5,14.1345951612549
2056,ens13,Pol,2p6,8.176281242117648
2056,ens13,Ref,2p6,5.388376141403362
2056,ens13,Ref,8p5,6.258194950704482
2056,ens2,Pol,2p6,9.995129114616248
2056,ens2,Ref,2p6,5.976388446402941
2056,ens2,Ref,8p5,9.038605782981794
2056,ens3,Pol,2p6,8.44586147962605
2056,ens3,Ref,2p6,6.3955550649536415
2056,ens3,Ref,8p5,6.4036489799075635
2056,ens4,Pol,2p6,8.35621291682493
2056,ens4,Ref,2p6,6.3218988107221294
2056,ens4,Ref,8p5,6.484097774344538
2056,ens5,Pol,2p6,8.395212142483194
2056,ens5,Ref,2p6,6.353582148338936
2056,ens5,Ref,8p5,6.50982847794902
2056,ens6,Pol,2p6,20.223096688914563
2056,ens6,Ref,2p6,6.503789041056863
2056,ens6,Ref,8p5,6.518037318387956
2056,ens7,Pol,2p6,20.345488272014006
2056,ens7,Ref,2p6,6.413556683529832
2056,ens7,Ref,8p5,9.481383548788516
2056,ens8,Pol,2p6,10.627900145266107
2056,ens8,Ref,2p6,6.199126894454441
2056,ens8,Ref,8p5,8.786066220837535
2056,ens9,Pol,2p6,20.47844516933193
2056,ens9,Ref,2p6,13.393120951036414
2056,ens9,Ref,8p5,8.697002168957704
2057,ens1,Pol,2p6,8.41825739989776
2057,ens1,Ref,2p6,6.289930379598459
2057,ens1,Ref,8p5,6.262404412912745
2057,ens10,Pol,2p6,13.156527717718488
2057,ens10,Ref,2p6,10.433762496501402
2057,ens10,Ref,8p5,10.84422352149888
2057,ens11,Pol,2p6,19.809255603703082
2057,ens11,Ref,2p6,6.158169194337535
2057,ens11,Ref,8p5,6.205900751509804
2057,ens12,Pol,2p6,20.214349078565824
2057,ens12,Ref,2p6,6.2138772581680675
2057,ens12,Ref,8p5,15.147228103595237
2057,ens13,Pol,2p6,9.471569762253502
2057,ens13,Ref,2p6,5.323688419921568
2057,ens13,Ref,8p5,6.308043103950981
2057,ens2,Pol,2p6,12.141062461389355
2057,ens2,Ref,2p6,5.984149044027871
2057,ens2,Ref,8p5,11.384072117035014
2057,ens3,Pol,2p6,8.557961335141457
2057,ens3,Ref,2p6,6.4084442421887955
2057,ens3,Ref,8p5,6.398681448764705
2057,ens4,Pol,2p6,8.415973214105042
2057,ens4,Ref,2p6,6.290949095904342
2057,ens4,Ref,8p5,6.476952531788515
2057,ens5,Pol,2p6,8.453900534014005
2057,ens5,Ref,2p6,6.321781879890056
2057,ens5,Ref,8p5,6.505371307632633
2057,ens6,Pol,2p6,20.308968514754902
2057,ens6,Ref,2p6,6.487314589758684
2057,ens6,Ref,8p5,6.506346383766807
2057,ens7,Pol,2p6,20.42492723096779
2057,ens7,Ref,2p6,6.391992852381794
2057,ens7,Ref,8p5,10.814846237507002
2057,ens8,Pol,2p6,13.032074924320728
2057,ens8,Ref,2p6,6.109658087143964
2057,ens8,Ref,8p5,11.223955658586835
2057,ens9,Pol,2p6,20.496353396030813
2057,ens9,Ref,2p6,13.32402242095238
2057,ens9,Ref,8p5,11.141861715619887
2058,ens1,Pol,2p6,8.52201930882073
2058,ens1,Ref,2p6,6.296398387804902
2058,ens1,Ref,8p5,6.247278557511624
2058,ens10,Pol,2p6,15.658332818331932
2058,ens10,Ref,2p6,12.535919594443977
2058,ens10,Ref,8p5,13.079777690438794
2058,ens11,Pol,2p6,20.02790193577171
2058,ens11,Ref,2p6,6.165736514703082
2058,ens11,Ref,8p5,6.162156015275911
2058,ens12,Pol,2p6,20.295468709340334
2058,ens12,Ref,2p6,6.194675582616247
2058,ens12,Ref,8p5,16.159861045935575
2058,ens13,Pol,2p6,10.766858282389355
2058,ens13,Ref,2p6,5.259000698439777
2058,ens13,Ref,8p5,6.35789125719748
2058,ens2,Pol,2p6,14.286995808162464
2058,ens2,Ref,2p6,5.991909641652802
2058,ens2,Ref,8p5,13.729538451088235
2058,ens3,Pol,2p6,8.670061190656863
2058,ens3,Ref,2p6,6.421333419423949
2058,ens3,Ref,8p5,6.393713917621849
2058,ens4,Pol,2p6,8.475733511385155
2058,ens4,Ref,2p6,6.259999381086555
2058,ens4,Ref,8p5,6.469807289232493
2058,ens5,Pol,2p6,8.512588925544817
2058,ens5,Ref,2p6,6.289981611441178
2058,ens5,Ref,8p5,6.500914137316247
2058,ens6,Pol,2p6,20.394840340595238
2058,ens6,Ref,2p6,6.470840138460504
2058,ens6,Ref,8p5,6.494655449145658
2058,ens7,Pol,2p6,20.50436618992157
2058,ens7,Ref,2p6,6.370429021233753
2058,ens7,Ref,8p5,12.148308926225488
2058,ens8,Pol,2p6,15.43624970337535
2058,ens8,Ref,2p6,6.020189279833488
2058,ens8,Ref,8p5,13.661845096336133
2058,ens9,Pol,2p6,20.51426162272969
2058,ens9,Ref,2p6,13.254923890868346
2058,ens9,Ref,8p5,13.586721262282072
2059,ens1,Pol,2p6,8.625781217743699
2059,ens1,Ref,2p6,6.3028663960113445
2059,ens1,Ref,8p5,6.232152702110504
2059,ens10,Pol,2p6,18.160137918945377
2059,ens10,Ref,2p6,14.638076692386555
2059,ens10,Ref,8p5,15.315331859378711
2059,ens11,Pol,2p6,20.246548267840335
2059,ens11,Ref,2p6,6.173303835068627
2059,ens11,Ref,8p5,6.118411279042017
2059,ens12,Pol,2p6,20.376588340114846
2059,ens12,Ref,2p6,6.175473907064426
2059,ens12,Ref,8p5,17.17249398827591
2059,ens13,Pol,2p6,12.062146802525211
2059,ens13,Ref,2p6,5.194312976957983
2059,ens13,Ref,8p5,6.407739410443978
2059,ens2,Pol,2p6,16.432929154935575
2059,ens2,Ref,2p6,5.999670239277731
2059,ens2,Ref,8p5,16.075004785141456
2059,ens3,Pol,2p6,8.782161046172268
2059,ens3,Ref,2p6,6.4342225966591045
2059,ens3,Ref,8p5,6.388746386478992
2059,ens4,Pol,2p6,8.535493808665267
2059,ens4,Ref,2p6,6.229049666268767
2059,ens4,Ref,8p5,6.462662046676471
2059,ens5,Pol,2p6,8.57127731707563
2059,ens5,Ref,2p6,6.258181342992297
2059,ens5,Ref,8p5,6.49645696699986
2059,ens6,Pol,2p6,20.480712166435573
2059,ens6,Ref,2p6,6.4543656871623245
2059,ens6,Ref,8p5,6.48296451452451
2059,ens7,Pol,2p6,20.58380514887535
2059,ens7,Ref,2p6,6.348865190085714
2059,ens7,Ref,8p5,13.481771614943977
2059,ens8,Pol,2p6,17.84042448242997
2059,ens8,Ref,2p6,5.930720472523011
2059,ens8,Ref,8p5,16.09973453408543
2059,ens9,Pol,2p6,20.532169849428573
2059,ens9,Ref,2p6,13.185825360784312
2059,ens9,Ref,8p5,16.031580808944256
2060,ens1,Pol,2p6,8.729543126666668
2060,ens1,Ref,2p6,6.309334404217787
2060,ens1,Ref,8p5,6.217026846709384
2060,ens10,Pol,2p6,20.661943019558823
2060,ens10,Ref,2p6,16.740233790329132
2060,ens10,Ref,8p5,17.550886028318626
2060,ens11,Pol,2p6,20.465194599908962
2060,ens11,Ref,2p6,6.180871155434174
2060,ens11,Ref,8p5,6.0746665428081235
2060,ens12,Pol,2p6,20.457707970889356
2060,ens12,Ref,2p6,6.156272231512605
2060,ens12,Ref,8p5,18.185126930616246
2060,ens13,Pol,2p6,13.357435322661065
2060,ens13,Ref,2p6,5.12962525547619
2060,ens13,Ref,8p5,6.457587563690476
2060,ens2,Pol,2p6,18.57886250170868
2060,ens2,Ref,2p6,6.007430836902661
2060,ens2,Ref,8p5,18.420471119194676
2060,ens3,Pol,2p6,8.894260901687675
2060,ens3,Ref,2p6,6.4471117738942585
2060,ens3,Ref,8p5,6.383778855336134
2060,ens4,Pol,2p6,8.595254105945378
2060,ens4,Ref,2p6,6.198099951450981
2060,ens4,Ref,8p5,6.455516804120448
2060,ens5,Pol,2p6,8.629965708606443
2060,ens5,Ref,2p6,6.226381074543418
2060,ens5,Ref,8p5,6.491999796683474
2060,ens6,Pol,2p6,20.566583992275913
2060,ens6,Ref,2p6,6.4378912358641465
2060,ens6,Ref,8p5,6.471273579903361
2060,ens7,Pol,2p6,20.66324410782913
2060,ens7,Ref,2p6,6.327301358937675
2060,ens7,Ref,8p5,14.815234303662464
2060,ens8,Pol,2p6,20.24459926148459
2060,ens8,Ref,2p6,5.8412516652125355
2060,ens8,Ref,8p5,18.537623971834734
2060,ens9,Pol,2p6,20.55007807612745
2060,ens9,Ref,2p6,13.116726830700278
2060,ens9,Ref,8p5,18.476440355606442
2061,ens1,Pol,2p6,8.561163683408964
2061,ens1,Ref,2p6,6.205496148867507
2061,ens1,Ref,8p5,6.08153008184874
2061,ens10,Pol,2p6,20.492644458899157
2061,ens10,Ref,2p6,16.53350590428011
2061,ens10,Ref,8p5,17.516619421719188
2061,ens11,Pol,2p6,20.344463635159663
2061,ens11,Ref,2p6,8.440725403837535
2061,ens11,Ref,8p5,8.375969882526611
2061,ens12,Pol,2p6,20.345956663791316
2061,ens12,Ref,2p6,6.011722995803922
2061,ens12,Ref,8p5,18.06644428464846
2061,ens13,Pol,2p6,14.472361495935575
2061,ens13,Ref,2p6,6.355537839184874
2061,ens13,Ref,8p5,6.280992404518207
2061,ens2,Pol,2p6,18.831295589473388
2061,ens2,Ref,2p6,7.323856049263026
2061,ens2,Ref,8p5,18.877003464985155
2061,ens3,Pol,2p6,11.111628530404762
2061,ens3,Ref,2p6,6.917466260765826
2061,ens3,Ref,8p5,6.274443991443977
2061,ens4,Pol,2p6,8.453627424843138
2061,ens4,Ref,2p6,6.116905167908123
2061,ens4,Ref,8p5,8.739371380348318
2061,ens5,Pol,2p6,10.90093435435154
2061,ens5,Ref,2p6,7.422682751327871
2061,ens5,Ref,8p5,8.777933631333193
2061,ens6,Pol,2p6,20.433010975947337
2061,ens6,Ref,2p6,6.31203928317563
2061,ens6,Ref,8p5,9.122796459537815
2061,ens7,Pol,2p6,20.51019793015406
2061,ens7,Ref,2p6,6.169388156204482
2061,ens7,Ref,8p5,15.392927044950978
2061,ens8,Pol,2p6,21.299438074922968
2061,ens8,Ref,2p6,7.619462377997675
2061,ens8,Ref,8p5,18.34469048623249
2061,ens9,Pol,2p6,21.554464744883752
2061,ens9,Ref,2p6,14.050109889666667
2061,ens9,Ref,8p5,18.360062521858264
2062,ens1,Pol,2p6,8.392784240151261
2062,ens1,Ref,2p6,6.101657893517227
2062,ens1,Ref,8p5,5.946033316988094
2062,ens10,Pol,2p6,20.323345898239495
2062,ens10,Ref,2p6,16.326778018231092
2062,ens10,Ref,8p5,17.482352815119746
2062,ens11,Pol,2p6,20.223732670410364
2062,ens11,Ref,2p6,10.700579652240897
2062,ens11,Ref,8p5,10.677273222245098
2062,ens12,Pol,2p6,20.234205356693277
2062,ens12,Ref,2p6,5.8671737600952385
2062,ens12,Ref,8p5,17.94776163868067
2062,ens13,Pol,2p6,15.587287669210083
2062,ens13,Ref,2p6,7.581450422893557
2062,ens13,Ref,8p5,6.104397245345939
2062,ens2,Pol,2p6,19.083728677238096
2062,ens2,Ref,2p6,8.640281261623388
2062,ens2,Ref,8p5,19.33353581077563
2062,ens3,Pol,2p6,13.328996159121848
2062,ens3,Ref,2p6,7.387820747637394
2062,ens3,Ref,8p5,6.16510912755182
2062,ens4,Pol,2p6,8.312000743740896
2062,ens4,Ref,2p6,6.035710384365266
2062,ens4,Ref,8p5,11.023225956576189
2062,ens5,Pol,2p6,13.171903000096638
2062,ens5,Ref,2p6,8.618984428112325
2062,ens5,Ref,8p5,11.063867465982913
2062,ens6,Pol,2p6,20.299437959618764
2062,ens6,Ref,2p6,6.1861873304871144
2062,ens6,Ref,8p5,11.77431933917227
2062,ens7,Pol,2p6,20.35715175247899
2062,ens7,Ref,2p6,6.011474953471289
2062,ens7,Ref,8p5,15.970619786239496
2062,ens8,Pol,2p6,22.354276888361344
2062,ens8,Ref,2p6,9.397673090782815
2062,ens8,Ref,8p5,18.15175700063025
2062,ens9,Pol,2p6,22.558851413640053
2062,ens9,Ref,2p6,14.983492948633051
2062,ens9,Ref,8p5,18.243684688110083
2063,ens1,Pol,2p6,8.224404796893557
2063,ens1,Ref,2p6,5.997819638166947
2063,ens1,Ref,8p5,5.810536552127451
2063,ens10,Pol,2p6,20.15404733757983
2063,ens10,Ref,2p6,16.12005013218207
2063,ens10,Ref,8p5,17.448086208520305
2063,ens11,Pol,2p6,20.103001705661065
2063,ens11,Ref,2p6,12.960433900644258
2063,ens11,Ref,8p5,12.978576561963584
2063,ens12,Pol,2p6,20.122454049595238
2063,ens12,Ref,2p6,5.722624524386554
2063,ens12,Ref,8p5,17.829078992712883
2063,ens13,Pol,2p6,16.702213842484593
2063,ens13,Ref,2p6,8.807363006602241
2063,ens13,Ref,8p5,5.927802086173669
2063,ens2,Pol,2p6,19.3361617650028
2063,ens2,Ref,2p6,9.956706473983752
2063,ens2,Ref,8p5,19.790068156566107
2063,ens3,Pol,2p6,15.546363787838935
2063,ens3,Ref,2p6,7.8581752345089635
2063,ens3,Ref,8p5,6.055774263659663
2063,ens4,Pol,2p6,8.170374062638656
2063,ens4,Ref,2p6,5.954515600822409
2063,ens4,Ref,8p5,13.307080532804061
2063,ens5,Pol,2p6,15.442871645841734
2063,ens5,Ref,2p6,9.815286104896778
2063,ens5,Ref,8p5,13.349801300632631
2063,ens6,Pol,2p6,20.165864943290195
2063,ens6,Ref,2p6,6.0603353777986
2063,ens6,Ref,8p5,14.425842218806721
2063,ens7,Pol,2p6,20.20410557480392
2063,ens7,Ref,2p6,5.853561750738095
2063,ens7,Ref,8p5,16.548312527528008
2063,ens8,Pol,2p6,23.40911570179972
2063,ens8,Ref,2p6,11.175883803567954
2063,ens8,Ref,8p5,17.95882351502801
2063,ens9,Pol,2p6,23.56323808239636
2063,ens9,Ref,2p6,15.916876007599438
2063,ens9,Ref,8p5,18.127306854361905
2064,ens1,Pol,2p6,8.056025353635855
2064,ens1,Ref,2p6,5.893981382816667
2064,ens1,Ref,8p5,5.675039787266806
2064,ens10,Pol,2p6,19.984748776920167
2064,ens10,Ref,2p6,15.913322246133053
2064,ens10,Ref,8p5,17.413819601920867
2064,ens11,Pol,2p6,19.982270740911765
2064,ens11,Ref,2p6,15.220288149047617
2064,ens11,Ref,8p5,15.279879901682072
2064,ens12,Pol,2p6,20.010702742497198
2064,ens12,Ref,2p6,5.578075288677871
2064,ens12,Ref,8p5,17.7103963467451
2064,ens13,Pol,2p6,17.8171400157591
2064,ens13,Ref,2p6,10.033275590310925
2064,ens13,Ref,8p5,5.751206927001401
2064,ens2,Pol,2p6,19.588594852767507
2064,ens2,Ref,2p6,11.273131686344117
2064,ens2,Ref,8p5,20.246600502356582
2064,ens3,Pol,2p6,17.76373141655602
2064,ens3,Ref,2p6,8.328529721380532
2064,ens3,Ref,8p5,5.946439399767506
2064,ens4,Pol,2p6,8.028747381536416
2064,ens4,Ref,2p6,5.873320817279552
2064,ens4,Ref,8p5,15.590935109031932
2064,ens5,Pol,2p6,17.713840291586834
2064,ens5,Ref,2p6,11.011587781681232
2064,ens5,Ref,8p5,15.635735135282353
2064,ens6,Pol,2p6,20.032291926961623
2064,ens6,Ref,2p6,5.934483425110084
2064,ens6,Ref,8p5,17.077365098441174
2064,ens7,Pol,2p6,20.05105939712885
2064,ens7,Ref,2p6,5.695648548004902
2064,ens7,Ref,8p5,17.126005268816527
2064,ens8,Pol,2p6,24.463954515238093
2064,ens8,Ref,2p6,12.954094516353095
2064,ens8,Ref,8p5,17.76589002942577
2064,ens9,Pol,2p6,24.56762475115266
2064,ens9,Ref,2p6,16.850259066565823
2064,ens9,Ref,8p5,18.010929020613727
2065,ens1,Pol,2p6,7.887645910378151
2065,ens1,Ref,2p6,5.790143127466386
2065,ens1,Ref,8p5,5.539543022406162
2065,ens10,Pol,2p6,19.815450216260505
2065,ens10,Ref,2p6,15.706594360084033
2065,ens10,Ref,8p5,17.37955299532143
2065,ens11,Pol,2p6,19.861539776162463
2065,ens11,Ref,2p6,17.48014239745098
2065,ens11,Ref,8p5,17.58118324140056
2065,ens12,Pol,2p6,19.89895143539916
2065,ens12,Ref,2p6,5.433526052969188
2065,ens12,Ref,8p5,17.59171370077731
2065,ens13,Pol,2p6,18.932066189033613
2065,ens13,Ref,2p6,11.259188174019608
2065,ens13,Ref,8p5,5.574611767829132
2065,ens2,Pol,2p6,19.84102794053221
2065,ens2,Ref,2p6,12.589556898704481
2065,ens2,Ref,8p5,20.70313284814706
2065,ens3,Pol,2p6,19.98109904527311
2065,ens3,Ref,2p6,8.798884208252101
2065,ens3,Ref,8p5,5.8371045358753495
2065,ens4,Pol,2p6,7.887120700434174
2065,ens4,Ref,2p6,5.792126033736695
2065,ens4,Ref,8p5,17.874789685259802
2065,ens5,Pol,2p6,19.98480893733193
2065,ens5,Ref,2p6,12.207889458465687
2065,ens5,Ref,8p5,17.92166896993207
2065,ens6,Pol,2p6,19.89871891063305
2065,ens6,Ref,2p6,5.808631472421569
2065,ens6,Ref,8p5,19.72888797807563
2065,ens7,Pol,2p6,19.89801321945378
2065,ens7,Ref,2p6,5.537735345271709
2065,ens7,Ref,8p5,17.70369801010504
2065,ens8,Pol,2p6,25.51879332867647
2065,ens8,Ref,2p6,14.732305229138234
2065,ens8,Ref,8p5,17.57295654382353
2065,ens9,Pol,2p6,25.572011419908964
2065,ens9,Ref,2p6,17.78364212553221
2065,ens9,Ref,8p5,17.894551186865545
2066,ens1,Pol,2p6,10.084432471245098
2066,ens1,Ref,2p6,5.747000568306443
2066,ens1,Ref,8p5,7.896094055566105
2066,ens10,Pol,2p6,20.74222279188655
2066,ens10,Ref,2p6,16.024384095813726
2066,ens10,Ref,8p5,17.343203024113304
2066,ens11,Pol,2p6,19.64628009330532
2066,ens11,Ref,2p6,17.373371035549017
2066,ens11,Ref,8p5,17.47939803172129
2066,ens12,Pol,2p6,19.681463907452383
2066,ens12,Ref,2p6,5.374257543182073
2066,ens12,Ref,8p5,17.53262471729832
2066,ens13,Pol,2p6,18.879605355047616
2066,ens13,Ref,2p6,11.128463418963586
2066,ens13,Ref,8p5,7.940154968186275
2066,ens2,Pol,2p6,19.620804546240898
2066,ens2,Ref,2p6,13.462611383231371
2066,ens2,Ref,8p5,22.037823955178148
2066,ens3,Pol,2p6,19.72446571034734
2066,ens3,Ref,2p6,8.71335835252577
2066,ens3,Ref,8p5,7.761573560498599
2066,ens4,Pol,2p6,7.664538636030812
2066,ens4,Ref,2p6,5.712515617609384
2066,ens4,Ref,8p5,18.91609297900742
2066,ens5,Pol,2p6,19.727194414738094
2066,ens5,Ref,2p6,12.121401704600139
2066,ens5,Ref,8p5,19.518983574539075
2066,ens6,Pol,2p6,19.681563172131792
2066,ens6,Ref,2p6,5.740609193005462
2066,ens6,Ref,8p5,20.37360925381989
2066,ens7,Pol,2p6,19.681191275745096
2066,ens7,Ref,2p6,5.387488106880812
2066,ens7,Ref,8p5,19.69914008684874
2066,ens8,Pol,2p6,25.288054753843138
2066,ens8,Ref,2p6,14.795918772144061
2066,ens8,Ref,8p5,17.538860869187673
2066,ens9,Pol,2p6,25.476339176514006
2066,ens9,Ref,2p6,17.64189846585154
2066,ens9,Ref,8p5,17.845666287754845
2067,ens1,Pol,2p6,12.281219032112045
2067,ens1,Ref,2p6,5.703858009146498
2067,ens1,Ref,8p5,10.25264508872605
2067,ens10,Pol,2p6,21.668995367512604
2067,ens10,Ref,2p6,16.342173831543416
2067,ens10,Ref,8p5,17.306853052905183
2067,ens11,Pol,2p6,19.431020410448177
2067,ens11,Ref,2p6,17.266599673647058
2067,ens11,Ref,8p5,17.377612822042018
2067,ens12,Pol,2p6,19.463976379505603
2067,ens12,Ref,2p6,5.3149890333949585
2067,ens12,Ref,8p5,17.47353573381933
2067,ens13,Pol,2p6,18.827144521061626
2067,ens13,Ref,2p6,10.997738663907564
2067,ens13,Ref,8p5,10.305698168543419
2067,ens2,Pol,2p6,19.400581151949577
2067,ens2,Ref,2p6,14.335665867758262
2067,ens2,Ref,8p5,23.372515062209242
2067,ens3,Pol,2p6,19.467832375421565
2067,ens3,Ref,2p6,8.627832496799439
2067,ens3,Ref,8p5,9.68604258512185
2067,ens4,Pol,2p6,7.441956571627451
2067,ens4,Ref,2p6,5.632905201482073
2067,ens4,Ref,8p5,19.95739627275504
2067,ens5,Pol,2p6,19.469579892144257
2067,ens5,Ref,2p6,12.034913950734593
2067,ens5,Ref,8p5,21.116298179146074
2067,ens6,Pol,2p6,19.464407433630534
2067,ens6,Ref,2p6,5.672586913589355
2067,ens6,Ref,8p5,21.018330529564146
2067,ens7,Pol,2p6,19.464369332036412
2067,ens7,Ref,2p6,5.237240868489916
2067,ens7,Ref,8p5,21.694582163592436
2067,ens8,Pol,2p6,25.057316179009803
2067,ens8,Ref,2p6,14.859532315149886
2067,ens8,Ref,8p5,17.50476519455182
2067,ens9,Pol,2p6,25.380666933119045
2067,ens9,Ref,2p6,17.500154806170865
2067,ens9,Ref,8p5,17.796781388644145
2068,ens1,Pol,2p6,14.47800559297899
2068,ens1,Ref,2p6,5.660715449986554
2068,ens1,Ref,8p5,12.609196121885994
2068,ens10,Pol,2p6,22.595767943138657
2068,ens10,Ref,2p6,16.65996356727311
2068,ens10,Ref,8p5,17.270503081697058
2068,ens11,Pol,2p6,19.215760727591036
2068,ens11,Ref,2p6,17.1598283117451
2068,ens11,Ref,8p5,17.275827612362743
2068,ens12,Pol,2p6,19.246488851558823
2068,ens12,Ref,2p6,5.2557205236078435
2068,ens12,Ref,8p5,17.414446750340336
2068,ens13,Pol,2p6,18.77468368707563
2068,ens13,Ref,2p6,10.86701390885154
2068,ens13,Ref,8p5,12.671241368900558
2068,ens2,Pol,2p6,19.18035775765826
2068,ens2,Ref,2p6,15.208720352285154
2068,ens2,Ref,8p5,24.707206169240337
2068,ens3,Pol,2p6,19.2111990404958
2068,ens3,Ref,2p6,8.542306641073107
2068,ens3,Ref,8p5,11.610511609745096
2068,ens4,Pol,2p6,7.21937450722409
2068,ens4,Ref,2p6,5.553294785354762
2068,ens4,Ref,8p5,20.998699566502662
2068,ens5,Pol,2p6,19.21196536955042
2068,ens5,Ref,2p6,11.948426196869047
2068,ens5,Ref,8p5,22.71361278375308
2068,ens6,Pol,2p6,19.247251695129272
2068,ens6,Ref,2p6,5.60456463417325
2068,ens6,Ref,8p5,21.663051805308402
2068,ens7,Pol,2p6,19.247547388327728
2068,ens7,Ref,2p6,5.08699363009902
2068,ens7,Ref,8p5,23.690024240336133
2068,ens8,Pol,2p6,24.82657760417647
2068,ens8,Ref,2p6,14.923145858155713
2068,ens8,Ref,8p5,17.470669519915965
2068,ens9,Pol,2p6,25.28499468972409
2068,ens9,Ref,2p6,17.35841114649019
2068,ens9,Ref,8p5,17.747896489533446
2069,ens1,Pol,2p6,16.67479215384594
2069,ens1,Ref,2p6,5.617572890826611
2069,ens1,Ref,8p5,14.965747155045937
2069,ens10,Pol,2p6,23.522540518764707
2069,ens10,Ref,2p6,16.9777533030028
2069,ens10,Ref,8p5,17.234153110488933
2069,ens11,Pol,2p6,19.00050104473389
2069,ens11,Ref,2p6,17.053056949843135
2069,ens11,Ref,8p5,17.174042402683472
2069,ens12,Pol,2p6,19.029001323612043
2069,ens12,Ref,2p6,5.196452013820728
2069,ens12,Ref,8p5,17.355357766861342
2069,ens13,Pol,2p6,18.722222853089633
2069,ens13,Ref,2p6,10.736289153795518
2069,ens13,Ref,8p5,15.036784569257703
2069,ens2,Pol,2p6,18.960134363366944
2069,ens2,Ref,2p6,16.081774836812045
2069,ens2,Ref,8p5,26.041897276271428
2069,ens3,Pol,2p6,18.954565705570026
2069,ens3,Ref,2p6,8.456780785346778
2069,ens3,Ref,8p5,13.534980634368349
2069,ens4,Pol,2p6,6.996792442820728
2069,ens4,Ref,2p6,5.473684369227451
2069,ens4,Ref,8p5,22.04000286025028
2069,ens5,Pol,2p6,18.954350846956583
2069,ens5,Ref,2p6,11.861938443003503
2069,ens5,Ref,8p5,24.31092738836008
2069,ens6,Pol,2p6,19.03009595662801
2069,ens6,Ref,2p6,5.536542354757143
2069,ens6,Ref,8p5,22.30777308105266
2069,ens7,Pol,2p6,19.030725444619048
2069,ens7,Ref,2p6,4.936746391708123
2069,ens7,Ref,8p5,25.68546631707983
2069,ens8,Pol,2p6,24.595839029343136
2069,ens8,Ref,2p6,14.98675940116154
2069,ens8,Ref,8p5,17.436573845280112
2069,ens9,Pol,2p6,25.189322446329133
2069,ens9,Ref,2p6,17.216667486809524
2069,ens9,Ref,8p5,17.699011590422742
2070,ens1,Pol,2p6,18.871578714712886
2070,ens1,Ref,2p6,5.574430331666667
2070,ens1,Ref,8p5,17.32229818820588
2070,ens10,Pol,2p6,24.449313094390753
2070,ens10,Ref,2p6,17.295543038732493
2070,ens10,Ref,8p5,17.19780313928081
2070,ens11,Pol,2p6,18.78524136187675
2070,ens11,Ref,2p6,16.946285587941176
2070,ens11,Ref,8p5,17.0722571930042
2070,ens12,Pol,2p6,18.811513795665267
2070,ens12,Ref,2p6,5.137183504033613
2070,ens12,Ref,8p5,17.296268783382352
2070,ens13,Pol,2p6,18.66976201910364
2070,ens13,Ref,2p6,10.605564398739496
2070,ens13,Ref,8p5,17.402327769614843
2070,ens2,Pol,2p6,18.73991096907563
2070,ens2,Ref,2p6,16.954829321338934
2070,ens2,Ref,8p5,27.37658838330252
2070,ens3,Pol,2p6,18.697932370644256
2070,ens3,Ref,2p6,8.371254929620447
2070,ens3,Ref,8p5,15.459449658991597
2070,ens4,Pol,2p6,6.774210378417366
2070,ens4,Ref,2p6,5.39407395310014
2070,ens4,Ref,8p5,23.081306153997897
2070,ens5,Pol,2p6,18.696736324362742
2070,ens5,Ref,2p6,11.775450689137955
2070,ens5,Ref,8p5,25.908241992967085
2070,ens6,Pol,2p6,18.81294021812675
2070,ens6,Ref,2p6,5.468520075341036
2070,ens6,Ref,8p5,22.95249435679692
2070,ens7,Pol,2p6,18.813903500910364
2070,ens7,Ref,2p6,4.7864991533172265
2070,ens7,Ref,8p5,27.680908393823525
2070,ens8,Pol,2p6,24.365100454509804
2070,ens8,Ref,2p6,15.050372944167366
2070,ens8,Ref,8p5,17.402478170644258
2070,ens9,Pol,2p6,25.09365020293417
2070,ens9,Ref,2p6,17.07492382712885
2070,ens9,Ref,8p5,17.650126691312042
2071,ens1,Pol,2p6,18.681564441471988
2071,ens1,Ref,2p6,5.430369732191317
2071,ens1,Ref,8p5,19.296897499308262
2071,ens10,Pol,2p6,24.468861026534732
2071,ens10,Ref,2p6,17.24786304762745
2071,ens10,Ref,8p5,17.175542068058963
2071,ens11,Pol,2p6,19.777745871845937
2071,ens11,Ref,2p6,16.966373913371147
2071,ens11,Ref,8p5,17.09609169772549
2071,ens12,Pol,2p6,19.56070477235154
2071,ens12,Ref,2p6,7.506518242722689
2071,ens12,Ref,8p5,18.521169144289917
2071,ens13,Pol,2p6,18.532161406446495
2071,ens13,Ref,2p6,10.56707462672689
2071,ens13,Ref,8p5,17.37407863658263
2071,ens2,Pol,2p6,18.593721645950982
2071,ens2,Ref,2p6,16.92559007206961
2071,ens2,Ref,8p5,27.358837289869605
2071,ens3,Pol,2p6,18.553741710088232
2071,ens3,Ref,2p6,8.352248297943277
2071,ens3,Ref,8p5,17.85093307397451
2071,ens4,Pol,2p6,6.620981809652662
2071,ens4,Ref,2p6,5.4032761565285705
2071,ens4,Ref,8p5,23.90320036759916
2071,ens5,Pol,2p6,18.55259054538375
2071,ens5,Ref,2p6,11.753163357418908
2071,ens5,Ref,8p5,26.172006103302238
2071,ens6,Pol,2p6,18.663072897510787
2071,ens6,Ref,2p6,5.479419232098459
2071,ens6,Ref,8p5,22.94757662510602
2071,ens7,Pol,2p6,20.36578763634874
2071,ens7,Ref,2p6,7.32594953609972
2071,ens7,Ref,8p5,27.674264344793134
2071,ens8,Pol,2p6,25.13848928570588
2071,ens8,Ref,2p6,15.512211848894172
2071,ens8,Ref,8p5,17.45776272427451
2071,ens9,Pol,2p6,25.572991175186274
2071,ens9,Ref,2p6,17.13348807812745
2071,ens9,Ref,8p5,19.029812696581317
2072,ens1,Pol,2p6,18.49155016823109
2072,ens1,Ref,2p6,5.286309132715966
2072,ens1,Ref,8p5,21.271496810410643
2072,ens10,Pol,2p6,24.48840895867871
2072,ens10,Ref,2p6,17.20018305652241
2072,ens10,Ref,8p5,17.153280996837115
2072,ens11,Pol,2p6,20.770250381815124
2072,ens11,Ref,2p6,16.98646223880112
2072,ens11,Ref,8p5,17.11992620244678
2072,ens12,Pol,2p6,20.309895749037814
2072,ens12,Ref,2p6,9.875852981411764
2072,ens12,Ref,8p5,19.74606950519748
2072,ens13,Pol,2p6,18.394560793789356
2072,ens13,Ref,2p6,10.528584854714286
2072,ens13,Ref,8p5,17.34582950355042
2072,ens2,Pol,2p6,18.44753232282633
2072,ens2,Ref,2p6,16.89635082280028
2072,ens2,Ref,8p5,27.34108619643669
2072,ens3,Pol,2p6,18.40955104953221
2072,ens3,Ref,2p6,8.333241666266106
2072,ens3,Ref,8p5,20.24241648895742
2072,ens4,Pol,2p6,6.467753240887955
2072,ens4,Ref,2p6,5.412478359957003
2072,ens4,Ref,8p5,24.72509458120042
2072,ens5,Pol,2p6,18.408444766404763
2072,ens5,Ref,2p6,11.73087602569986
2072,ens5,Ref,8p5,26.435770213637394
2072,ens6,Pol,2p6,18.51320557689482
2072,ens6,Ref,2p6,5.490318388855882
2072,ens6,Ref,8p5,22.942658893415125
2072,ens7,Pol,2p6,21.917671771787116
2072,ens7,Ref,2p6,9.865399918882213
2072,ens7,Ref,8p5,27.667620295762745
2072,ens8,Pol,2p6,25.911878116901963
2072,ens8,Ref,2p6,15.97405075362098
2072,ens8,Ref,8p5,17.513047277904757
2072,ens9,Pol,2p6,26.052332147438374
2072,ens9,Ref,2p6,17.19205232912605
2072,ens9,Ref,8p5,20.409498701850588
2073,ens1,Pol,2p6,18.301535894990195
2073,ens1,Ref,2p6,5.1422485332406165
2073,ens1,Ref,8p5,23.246096121513023
2073,ens10,Pol,2p6,24.507956890822687
2073,ens10,Ref,2p6,17.152503065417363
2073,ens10,Ref,8p5,17.131019925615266
2073,ens11,Pol,2p6,21.76275489178431
2073,ens11,Ref,2p6,17.00655056423109
2073,ens11,Ref,8p5,17.143760707168067
2073,ens12,Pol,2p6,21.059086725724086
2073,ens12,Ref,2p6,12.245187720100839
2073,ens12,Ref,8p5,20.97096986610504
2073,ens13,Pol,2p6,18.25696018113221
2073,ens13,Ref,2p6,10.49009508270168
2073,ens13,Ref,8p5,17.317580370518208
2073,ens2,Pol,2p6,18.301342999701678
2073,ens2,Ref,2p6,16.867111573530952
2073,ens2,Ref,8p5,27.323335103003778
2073,ens3,Pol,2p6,18.26536038897619
2073,ens3,Ref,2p6,8.314235034588936
2073,ens3,Ref,8p5,22.633899903940335
2073,ens4,Pol,2p6,6.31452467212325
2073,ens4,Ref,2p6,5.421680563385435
2073,ens4,Ref,8p5,25.546988794801678
2073,ens5,Pol,2p6,18.26429898742577
2073,ens5,Ref,2p6,11.708588693980811
2073,ens5,Ref,8p5,26.699534323972546
2073,ens6,Pol,2p6,18.36333825627885
2073,ens6,Ref,2p6,5.501217545613305
2073,ens6,Ref,8p5,22.93774116172423
2073,ens7,Pol,2p6,23.469555907225487
2073,ens7,Ref,2p6,12.404850301664705
2073,ens7,Ref,8p5,27.660976246732353
2073,ens8,Pol,2p6,26.685266948098036
2073,ens8,Ref,2p6,16.435889658347783
2073,ens8,Ref,8p5,17.568331831535012
2073,ens9,Pol,2p6,26.531673119690474
2073,ens9,Ref,2p6,17.250616580124646
2073,ens9,Ref,8p5,21.78918470711986
2074,ens1,Pol,2p6,18.111521621749297
2074,ens1,Ref,2p6,4.998187933765266
2074,ens1,Ref,8p5,25.220695432615404
2074,ens10,Pol,2p6,24.527504822966666
2074,ens10,Ref,2p6,17.104823074312325
2074,ens10,Ref,8p5,17.108758854393415
2074,ens11,Pol,2p6,22.755259401753502
2074,ens11,Ref,2p6,17.026638889661065
2074,ens11,Ref,8p5,17.167595211889356
2074,ens12,Pol,2p6,21.80827770241036
2074,ens12,Ref,2p6,14.614522458789915
2074,ens12,Ref,8p5,22.195870227012605
2074,ens13,Pol,2p6,18.11935956847507
2074,ens13,Ref,2p6,10.451605310689075
2074,ens13,Ref,8p5,17.289331237485992
2074,ens2,Pol,2p6,18.15515367657703
2074,ens2,Ref,2p6,16.837872324261625
2074,ens2,Ref,8p5,27.305584009570868
2074,ens3,Pol,2p6,18.121169728420167
2074,ens3,Ref,2p6,8.295228402911764
2074,ens3,Ref,8p5,25.025383318923247
2074,ens4,Pol,2p6,6.161296103358543
2074,ens4,Ref,2p6,5.430882766813866
2074,ens4,Ref,8p5,26.36888300840294
2074,ens5,Pol,2p6,18.12015320844678
2074,ens5,Ref,2p6,11.686301362261764
2074,ens5,Ref,8p5,26.963298434307703
2074,ens6,Pol,2p6,18.213470935662883
2074,ens6,Ref,2p6,5.5121167023707285
2074,ens6,Ref,8p5,22.932823430033334
2074,ens7,Pol,2p6,25.021440042663862
2074,ens7,Ref,2p6,14.944300684447198
2074,ens7,Ref,8p5,27.65433219770196
2074,ens8,Pol,2p6,27.45865577929412
2074,ens8,Ref,2p6,16.89772856307459
2074,ens8,Ref,8p5,17.623616385165263
2074,ens9,Pol,2p6,27.011014091942574
2074,ens9,Ref,2p6,17.309180831123246
2074,ens9,Ref,8p5,23.16887071238913
2075,ens1,Pol,2p6,17.921507348508403
2075,ens1,Ref,2p6,4.854127334289916
2075,ens1,Ref,8p5,27.195294743717785
2075,ens10,Pol,2p6,24.54705275511064
2075,ens10,Ref,2p6,17.057143083207283
2075,ens10,Ref,8p5,17.086497783171566
2075,ens11,Pol,2p6,23.74776391172269
2075,ens11,Ref,2p6,17.046727215091035
2075,ens11,Ref,8p5,17.191429716610642
2075,ens12,Pol,2p6,22.557468679096637
2075,ens12,Ref,2p6,16.98385719747899
2075,ens12,Ref,8p5,23.420770587920167
2075,ens13,Pol,2p6,17.981758955817924
2075,ens13,Ref,2p6,10.41311553867647
2075,ens13,Ref,8p5,17.26108210445378
2075,ens2,Pol,2p6,18.00896435345238
2075,ens2,Ref,2p6,16.808633074992297
2075,ens2,Ref,8p5,27.287832916137955
2075,ens3,Pol,2p6,17.976979067864143
2075,ens3,Ref,2p6,8.276221771234594
2075,ens3,Ref,8p5,27.416866733906158
2075,ens4,Pol,2p6,6.008067534593837
2075,ens4,Ref,2p6,5.440084970242297
2075,ens4,Ref,8p5,27.1907772220042
2075,ens5,Pol,2p6,17.97600742946779
2075,ens5,Ref,2p6,11.664014030542717
2075,ens5,Ref,8p5,27.227062544642855
2075,ens6,Pol,2p6,18.06360361504692
2075,ens6,Ref,2p6,5.523015859128151
2075,ens6,Ref,8p5,22.92790569834244
2075,ens7,Pol,2p6,26.57332417810224
2075,ens7,Ref,2p6,17.48375106722969
2075,ens7,Ref,8p5,27.64768814867157
2075,ens8,Pol,2p6,28.232044610490195
2075,ens8,Ref,2p6,17.359567467801398
2075,ens8,Ref,8p5,17.67890093879552
2075,ens9,Pol,2p6,27.490355064194674
2075,ens9,Ref,2p6,17.367745082121846
2075,ens9,Ref,8p5,24.548556717658403
2076,ens1,Pol,2p6,17.827754986190474
2076,ens1,Ref,2p6,5.143812274229271
2076,ens1,Ref,8p5,27.17522881132997
2076,ens10,Pol,2p6,24.762672111286694
2076,ens10,Ref,2p6,17.042129718226892
2076,ens10,Ref,8p5,18.26394585535798
2076,ens11,Pol,2p6,25.707971372193835
2076,ens11,Ref,2p6,17.020038433056023
2076,ens11,Ref,8p5,18.51847052010504
2076,ens12,Pol,2p6,22.462765686780113
2076,ens12,Ref,2p6,16.93542520122689
2076,ens12,Ref,8p5,23.425568905968344
2076,ens13,Pol,2p6,17.885069189776047
2076,ens13,Ref,2p6,10.340070867551539
2076,ens13,Ref,8p5,17.284043805740897
2076,ens2,Pol,2p6,17.91112633523389
2076,ens2,Ref,2p6,16.827872852138235
2076,ens2,Ref,8p5,27.379605571191597
2076,ens3,Pol,2p6,18.131343522498597
2076,ens3,Ref,2p6,8.301955626098739
2076,ens3,Ref,8p5,27.367697963595376
2076,ens4,Pol,2p6,10.00108833762605
2076,ens4,Ref,2p6,7.860328547532913
2076,ens4,Ref,8p5,27.257386113714702
2076,ens5,Pol,2p6,19.70472860713081
2076,ens5,Ref,2p6,12.942863145207562
2076,ens5,Ref,8p5,27.219327539066104
2076,ens6,Pol,2p6,19.10467960270542
2076,ens6,Ref,2p6,7.9267518014014
2076,ens6,Ref,8p5,23.57000865927689
2076,ens7,Pol,2p6,26.824414924742857
2076,ens7,Ref,2p6,17.41152791994986
2076,ens7,Ref,8p5,27.708387220529453
2076,ens8,Pol,2p6,28.193908638994397
2076,ens8,Ref,2p6,17.30788285114088
2076,ens8,Ref,8p5,19.75856377230112
2076,ens9,Pol,2p6,27.548301095342854
2076,ens9,Ref,2p6,18.5847491502535
2076,ens9,Ref,8p5,25.309112888983936
2077,ens1,Pol,2p6,17.73400262387255
2077,ens1,Ref,2p6,5.433497214168628
2077,ens1,Ref,8p5,27.155162878942154
2077,ens10,Pol,2p6,24.978291467462743
2077,ens10,Ref,2p6,17.027116353246498
2077,ens10,Ref,8p5,19.441393927544397
2077,ens11,Pol,2p6,27.668178832664985
2077,ens11,Ref,2p6,16.99334965102101
2077,ens11,Ref,8p5,19.84551132359944
2077,ens12,Pol,2p6,22.368062694463582
2077,ens12,Ref,2p6,16.88699320497479
2077,ens12,Ref,8p5,23.430367224016525
2077,ens13,Pol,2p6,17.78837942373417
2077,ens13,Ref,2p6,10.26702619642661
2077,ens13,Ref,8p5,17.30700550702801
2077,ens2,Pol,2p6,17.813288317015406
2077,ens2,Ref,2p6,16.847112629284172
2077,ens2,Ref,8p5,27.471378226245236
2077,ens3,Pol,2p6,18.285707977133054
2077,ens3,Ref,2p6,8.327689480962885
2077,ens3,Ref,8p5,27.31852919328459
2077,ens4,Pol,2p6,13.994109140658264
2077,ens4,Ref,2p6,10.280572124823529
2077,ens4,Ref,8p5,27.32399500542521
2077,ens5,Pol,2p6,21.433449784793837
2077,ens5,Ref,2p6,14.221712259872408
2077,ens5,Ref,8p5,27.211592533489355
2077,ens6,Pol,2p6,20.14575559036392
2077,ens6,Ref,2p6,10.330487743674649
2077,ens6,Ref,8p5,24.212111620211342
2077,ens7,Pol,2p6,27.07550567138347
2077,ens7,Ref,2p6,17.339304772670022
2077,ens7,Ref,8p5,27.76908629238734
2077,ens8,Pol,2p6,28.155772667498596
2077,ens8,Ref,2p6,17.256198234480365
2077,ens8,Ref,8p5,21.83822660580672
2077,ens9,Pol,2p6,27.606247126491034
2077,ens9,Ref,2p6,19.80175321838515
2077,ens9,Ref,8p5,26.069669060309465
2078,ens1,Pol,2p6,17.64025026155462
2078,ens1,Ref,2p6,5.723182154107984
2078,ens1,Ref,8p5,27.13509694655434
2078,ens10,Pol,2p6,25.19391082363879
2078,ens10,Ref,2p6,17.012102988266108
2078,ens10,Ref,8p5,20.618841999730808
2078,ens11,Pol,2p6,29.628386293136135
2078,ens11,Ref,2p6,16.966660868985997
2078,ens11,Ref,8p5,21.172552127093837
2078,ens12,Pol,2p6,22.273359702147058
2078,ens12,Ref,2p6,16.838561208722687
2078,ens12,Ref,8p5,23.435165542064702
2078,ens13,Pol,2p6,17.691689657692297
2078,ens13,Ref,2p6,10.19398152530168
2078,ens13,Ref,8p5,17.329967208315125
2078,ens2,Pol,2p6,17.715450298796917
2078,ens2,Ref,2p6,16.866352406430114
2078,ens2,Ref,8p5,27.563150881298878
2078,ens3,Pol,2p6,18.440072431767504
2078,ens3,Ref,2p6,8.353423335827031
2078,ens3,Ref,8p5,27.26936042297381
2078,ens4,Pol,2p6,17.987129943690476
2078,ens4,Ref,2p6,12.700815702114145
2078,ens4,Ref,8p5,27.390603897135712
2078,ens5,Pol,2p6,23.162170962456862
2078,ens5,Ref,2p6,15.500561374537252
2078,ens5,Ref,8p5,27.203857527912604
2078,ens6,Pol,2p6,21.18683157802242
2078,ens6,Ref,2p6,12.734223685947898
2078,ens6,Ref,8p5,24.854214581145797
2078,ens7,Pol,2p6,27.32659641802409
2078,ens7,Ref,2p6,17.267081625390194
2078,ens7,Ref,8p5,27.829785364245225
2078,ens8,Pol,2p6,28.117636696002798
2078,ens8,Ref,2p6,17.204513617819845
2078,ens8,Ref,8p5,23.917889439312322
2078,ens9,Pol,2p6,27.664193157639215
2078,ens9,Ref,2p6,21.018757286516806
2078,ens9,Ref,8p5,26.830225231635
2079,ens1,Pol,2p6,17.546497899236694
2079,ens1,Ref,2p6,6.012867094047339
2079,ens1,Ref,8p5,27.115031014166526
2079,ens10,Pol,2p6,25.409530179814844
2079,ens10,Ref,2p6,16.997089623285714
2079,ens10,Ref,8p5,21.796290071917223
2079,ens11,Pol,2p6,31.58859375360728
2079,ens11,Ref,2p6,16.93997208695098
2079,ens11,Ref,8p5,22.499592930588236
2079,ens12,Pol,2p6,22.17865670983053
2079,ens12,Ref,2p6,16.79012921247059
2079,ens12,Ref,8p5,23.439963860112883
2079,ens13,Pol,2p6,17.59499989165042
2079,ens13,Ref,2p6,10.120936854176751
2079,ens13,Ref,8p5,17.35292890960224
2079,ens2,Pol,2p6,17.61761228057843
2079,ens2,Ref,2p6,16.88559218357605
2079,ens2,Ref,8p5,27.65492353635252
2079,ens3,Pol,2p6,18.594436886401958
2079,ens3,Ref,2p6,8.379157190691178
2079,ens3,Ref,8p5,27.220191652663022
2079,ens4,Pol,2p6,21.98015074672269
2079,ens4,Ref,2p6,15.12105927940476
2079,ens4,Ref,8p5,27.45721278884622
2079,ens5,Pol,2p6,24.890892140119888
2079,ens5,Ref,2p6,16.779410489202103
2079,ens5,Ref,8p5,27.196122522335855
2079,ens6,Pol,2p6,22.227907565680923
2079,ens6,Ref,2p6,15.137959628221148
2079,ens6,Ref,8p5,25.496317542080252
2079,ens7,Pol,2p6,27.577687164664702
2079,ens7,Ref,2p6,17.194858478110362
2079,ens7,Ref,8p5,27.890484436103108
2079,ens8,Pol,2p6,28.079500724507003
2079,ens8,Ref,2p6,17.15282900115933
2079,ens8,Ref,8p5,25.997552272817927
2079,ens9,Pol,2p6,27.722139188787395
2079,ens9,Ref,2p6,22.23576135464846
2079,ens9,Ref,8p5,27.59078140296053
2080,ens1,Pol,2p6,17.45274553691877
2080,ens1,Ref,2p6,6.302552033986695
2080,ens1,Ref,8p5,27.09496508177871
2080,ens10,Pol,2p6,25.625149535990893
2080,ens10,Ref,2p6,16.982076258305323
2080,ens10,Ref,8p5,22.97373814410364
2080,ens11,Pol,2p6,33.54880121407843
2080,ens11,Ref,2p6,16.913283304915968
2080,ens11,Ref,8p5,23.826633734082634
2080,ens12,Pol,2p6,22.083953717514003
2080,ens12,Ref,2p6,16.741697216218487
2080,ens12,Ref,8p5,23.444762178161064
2080,ens13,Pol,2p6,17.498310125608544
2080,ens13,Ref,2p6,10.04789218305182
2080,ens13,Ref,8p5,17.375890610889353
2080,ens2,Pol,2p6,17.51977426235994
2080,ens2,Ref,2p6,16.90483196072199
2080,ens2,Ref,8p5,27.746696191406162
2080,ens3,Pol,2p6,18.748801341036412
2080,ens3,Ref,2p6,8.404891045555322
2080,ens3,Ref,8p5,27.17102288235224
2080,ens4,Pol,2p6,25.9731715497549
2080,ens4,Ref,2p6,17.541302856695378
2080,ens4,Ref,8p5,27.523821680556722
2080,ens5,Pol,2p6,26.61961331778291
2080,ens5,Ref,2p6,18.058259603866947
2080,ens5,Ref,8p5,27.188387516759104
2080,ens6,Pol,2p6,23.26898355333942
2080,ens6,Ref,2p6,17.541695570494397
2080,ens6,Ref,8p5,26.138420503014707
2080,ens7,Pol,2p6,27.82877791130532
2080,ens7,Ref,2p6,17.12263533083053
2080,ens7,Ref,8p5,27.951183507960994
2080,ens8,Pol,2p6,28.041364753011205
2080,ens8,Ref,2p6,17.10114438449881
2080,ens8,Ref,8p5,28.07721510632353
2080,ens9,Pol,2p6,27.78008521993557
2080,ens9,Ref,2p6,23.45276542278011
2080,ens9,Ref,8p5,28.351337574286063
2081,ens1,Pol,2p6,17.372388892953783
2081,ens1,Ref,2p6,6.227099370761344
2081,ens1,Ref,8p5,27.0751696802584
2081,ens10,Pol,2p6,27.162664834542856
2081,ens10,Ref,2p6,17.007858814455183
2081,ens10,Ref,8p5,23.907728250272545
2081,ens11,Pol,2p6,33.553616482083896
2081,ens11,Ref,2p6,16.94916517082493
2081,ens11,Ref,8p5,23.876589173396777
2081,ens12,Pol,2p6,24.104219126064425
2081,ens12,Ref,2p6,16.755610505098037
2081,ens12,Ref,8p5,23.622970066085852
2081,ens13,Pol,2p6,17.433456915248037
2081,ens13,Ref,2p6,10.129894548503081
2081,ens13,Ref,8p5,17.31101125939755
2081,ens2,Pol,2p6,18.340225724245098
2081,ens2,Ref,2p6,16.9242870261986
2081,ens2,Ref,8p5,27.762876381896636
2081,ens3,Pol,2p6,19.933839222123247
2081,ens3,Ref,2p6,8.336389683952227
2081,ens3,Ref,8p5,27.20206880608249
2081,ens4,Pol,2p6,25.838684859109243
2081,ens4,Ref,2p6,17.428806133447758
2081,ens4,Ref,8p5,27.536349752082213
2081,ens5,Pol,2p6,26.704093528257143
2081,ens5,Ref,2p6,17.967675833141037
2081,ens5,Ref,8p5,27.271159744495517
2081,ens6,Pol,2p6,23.167308532706397
2081,ens6,Ref,2p6,17.429476587814424
2081,ens6,Ref,8p5,26.473869706915266
2081,ens7,Pol,2p6,29.175954547856442
2081,ens7,Ref,2p6,17.10103153598039
2081,ens7,Ref,8p5,29.66054025705983
2081,ens8,Pol,2p6,27.96560894815546
2081,ens8,Ref,2p6,17.105629820659452
2081,ens8,Ref,8p5,28.567809417820726
2081,ens9,Pol,2p6,27.70005659345378
2081,ens9,Ref,2p6,23.364242719113445
2081,ens9,Ref,8p5,29.984931819715055
2082,ens1,Pol,2p6,17.292032248988797
2082,ens1,Ref,2p6,6.151646707535995
2082,ens1,Ref,8p5,27.055374278738093
2082,ens10,Pol,2p6,28.70018013309482
2082,ens10,Ref,2p6,17.033641370605043
2082,ens10,Ref,8p5,24.841718356441454
2082,ens11,Pol,2p6,33.558431750089355
2082,ens11,Ref,2p6,16.985047036733896
2082,ens11,Ref,8p5,23.926544612710924
2082,ens12,Pol,2p6,26.124484534614844
2082,ens12,Ref,2p6,16.76952379397759
2082,ens12,Ref,8p5,23.80117795401064
2082,ens13,Pol,2p6,17.368603704887533
2082,ens13,Ref,2p6,10.211896913954343
2082,ens13,Ref,8p5,17.246131907905742
2082,ens2,Pol,2p6,19.16067718613025
2082,ens2,Ref,2p6,16.943742091675208
2082,ens2,Ref,8p5,27.779056572387113
2082,ens3,Pol,2p6,21.11887710321008
2082,ens3,Ref,2p6,8.267888322349132
2082,ens3,Ref,8p5,27.233114729812744
2082,ens4,Pol,2p6,25.704198168463584
2082,ens4,Ref,2p6,17.316309410200137
2082,ens4,Ref,8p5,27.548877823607704
2082,ens5,Pol,2p6,26.788573738731372
2082,ens5,Ref,2p6,17.877092062415127
2082,ens5,Ref,8p5,27.353931972231933
2082,ens6,Pol,2p6,23.065633512073372
2082,ens6,Ref,2p6,17.31725760513445
2082,ens6,Ref,8p5,26.809318910815826
2082,ens7,Pol,2p6,30.523131184407564
2082,ens7,Ref,2p6,17.079427741130253
2082,ens7,Ref,8p5,31.36989700615867
2082,ens8,Pol,2p6,27.889853143299717
2082,ens8,Ref,2p6,17.110115256820098
2082,ens8,Ref,8p5,29.058403729317924
2082,ens9,Pol,2p6,27.620027966971985
2082,ens9,Ref,2p6,23.275720015446776
2082,ens9,Ref,8p5,31.618526065144046
2083,ens1,Pol,2p6,17.21167560502381
2083,ens1,Ref,2p6,6.076194044310644
2083,ens1,Ref,8p5,27.035578877217787
2083,ens10,Pol,2p6,30.237695431646777
2083,ens10,Ref,2p6,17.059423926754903
2083,ens10,Ref,8p5,25.77570846261036
2083,ens11,Pol,2p6,33.56324701809482
2083,ens11,Ref,2p6,17.020928902642858
2083,ens11,Ref,8p5,23.97650005202507
2083,ens12,Pol,2p6,28.144749943165266
2083,ens12,Ref,2p6,16.78343708285714
2083,ens12,Ref,8p5,23.979385841935432
2083,ens13,Pol,2p6,17.30375049452703
2083,ens13,Ref,2p6,10.2938992794056
2083,ens13,Ref,8p5,17.181252556413934
2083,ens2,Pol,2p6,19.981128648015407
2083,ens2,Ref,2p6,16.963197157151818
2083,ens2,Ref,8p5,27.79523676287759
2083,ens3,Pol,2p6,22.30391498429692
2083,ens3,Ref,2p6,8.199386960746036
2083,ens3,Ref,8p5,27.264160653542998
2083,ens4,Pol,2p6,25.569711477817926
2083,ens4,Ref,2p6,17.203812686952517
2083,ens4,Ref,8p5,27.56140589513319
2083,ens5,Pol,2p6,26.8730539492056
2083,ens5,Ref,2p6,17.786508291689213
2083,ens5,Ref,8p5,27.436704199968347
2083,ens6,Pol,2p6,22.963958491440348
2083,ens6,Ref,2p6,17.20503862245448
2083,ens6,Ref,8p5,27.144768114716385
2083,ens7,Pol,2p6,31.87030782095868
2083,ens7,Ref,2p6,17.05782394628011
2083,ens7,Ref,8p5,33.079253755257504
2083,ens8,Pol,2p6,27.814097338443975
2083,ens8,Ref,2p6,17.114600692980744
2083,ens8,Ref,8p5,29.548998040815125
2083,ens9,Pol,2p6,27.539999340490194
2083,ens9,Ref,2p6,23.187197311780114
2083,ens9,Ref,8p5,33.252120310573034
2084,ens1,Pol,2p6,17.131318961058824
2084,ens1,Ref,2p6,6.0007413810852945
2084,ens1,Ref,8p5,27.01578347569748
2084,ens10,Pol,2p6,31.775210730198737
2084,ens10,Ref,2p6,17.085206482904763
2084,ens10,Ref,8p5,26.70969856877927
2084,ens11,Pol,2p6,33.56806228610028
2084,ens11,Ref,2p6,17.05681076855182
2084,ens11,Ref,8p5,24.026455491339213
2084,ens12,Pol,2p6,30.165015351715684
2084,ens12,Ref,2p6,16.797350371736695
2084,ens12,Ref,8p5,24.15759372986022
2084,ens13,Pol,2p6,17.238897284166523
2084,ens13,Ref,2p6,10.375901644856862
2084,ens13,Ref,8p5,17.116373204922127
2084,ens2,Pol,2p6,20.80158010990056
2084,ens2,Ref,2p6,16.982652222628428
2084,ens2,Ref,8p5,27.81141695336807
2084,ens3,Pol,2p6,23.488952865383755
2084,ens3,Ref,2p6,8.13088559914294
2084,ens3,Ref,8p5,27.295206577273248
2084,ens4,Pol,2p6,25.435224787172267
2084,ens4,Ref,2p6,17.0913159637049
2084,ens4,Ref,8p5,27.573933966658682
2084,ens5,Pol,2p6,26.95753415967983
2084,ens5,Ref,2p6,17.695924520963306
2084,ens5,Ref,8p5,27.51947642770476
2084,ens6,Pol,2p6,22.862283470807323
2084,ens6,Ref,2p6,17.09281963977451
2084,ens6,Ref,8p5,27.480217318616944
2084,ens7,Pol,2p6,33.2174844575098
2084,ens7,Ref,2p6,17.036220151429973
2084,ens7,Ref,8p5,34.78861050435634
2084,ens8,Pol,2p6,27.738341533588233
2084,ens8,Ref,2p6,17.119086129141387
2084,ens8,Ref,8p5,30.039592352312322
2084,ens9,Pol,2p6,27.459970714008403
2084,ens9,Ref,2p6,23.098674608113445
2084,ens9,Ref,8p5,34.88571455600203
2085,ens1,Pol,2p6,17.050962317093838
2085,ens1,Ref,2p6,5.925288717859944
2085,ens1,Ref,8p5,26.99598807417717
2085,ens10,Pol,2p6,33.312726028750696
2085,ens10,Ref,2p6,17.110989039054623
2085,ens10,Ref,8p5,27.643688674948176
2085,ens11,Pol,2p6,33.572877554105744
2085,ens11,Ref,2p6,17.092692634460786
2085,ens11,Ref,8p5,24.076410930653363
2085,ens12,Pol,2p6,32.1852807602661
2085,ens12,Ref,2p6,16.811263660616245
2085,ens12,Ref,8p5,24.335801617785012
2085,ens13,Pol,2p6,17.17404407380602
2085,ens13,Ref,2p6,10.457904010308123
2085,ens13,Ref,8p5,17.05149385343032
2085,ens2,Pol,2p6,21.622031571785712
2085,ens2,Ref,2p6,17.00210728810504
2085,ens2,Ref,8p5,27.827597143858544
2085,ens3,Pol,2p6,24.67399074647059
2085,ens3,Ref,2p6,8.062384237539845
2085,ens3,Ref,8p5,27.326252501003502
2085,ens4,Pol,2p6,25.30073809652661
2085,ens4,Ref,2p6,16.97881924045728
2085,ens4,Ref,8p5,27.58646203818417
2085,ens5,Pol,2p6,27.04201437015406
2085,ens5,Ref,2p6,17.605340750237392
2085,ens5,Ref,8p5,27.602248655441173
2085,ens6,Pol,2p6,22.7606084501743
2085,ens6,Ref,2p6,16.980600657094538
2085,ens6,Ref,8p5,27.815666522517507
2085,ens7,Pol,2p6,34.56466109406092
2085,ens7,Ref,2p6,17.014616356579833
2085,ens7,Ref,8p5,36.49796725345518
2085,ens8,Pol,2p6,27.66258572873249
2085,ens8,Ref,2p6,17.123571565302033
2085,ens8,Ref,8p5,30.53018666380952
2085,ens9,Pol,2p6,27.379942087526608
2085,ens9,Ref,2p6,23.01015190444678
2085,ens9,Ref,8p5,36.519308801431016
2086,ens1,Pol,2p6,18.239903462991595
2086,ens1,Ref,2p6,5.875959185559944
2086,ens1,Ref,8p5,27.588245794392993
2086,ens10,Pol,2p6,33.215879129442854
2086,ens10,Ref,2p6,17.066079769135854
2086,ens10,Ref,8p5,27.939261075120445
2086,ens11,Pol,2p6,34.366362779866385
2086,ens11,Ref,2p6,17.048092760945377
2086,ens11,Ref,8p5,24.188632443890334
2086,ens12,Pol,2p6,32.28816351548922
2086,ens12,Ref,2p6,16.810597360182772
2086,ens12,Ref,8p5,24.994908441641176
2086,ens13,Pol,2p6,17.409131721199998
2086,ens13,Ref,2p6,10.410791723406163
2086,ens13,Ref,8p5,17.009717527672283
2086,ens2,Pol,2p6,22.239250181067227
2086,ens2,Ref,2p6,16.973070769874088
2086,ens2,Ref,8p5,27.82197973702955
2086,ens3,Pol,2p6,25.009505840345938
2086,ens3,Ref,2p6,8.014333285876736
2086,ens3,Ref,8p5,27.72106742627717
2086,ens4,Pol,2p6,25.537158965490196
2086,ens4,Ref,2p6,16.93876381760168
2086,ens4,Ref,8p5,29.327918458822406
2086,ens5,Pol,2p6,28.307629722114147
2086,ens5,Ref,2p6,18.958874002740476
2086,ens5,Ref,8p5,27.99133712120294
2086,ens6,Pol,2p6,22.813748714842365
2086,ens6,Ref,2p6,16.936961774537533
2086,ens6,Ref,8p5,28.0950140416077
2086,ens7,Pol,2p6,35.14033922549706
2086,ens7,Ref,2p6,16.971131599268208
2086,ens7,Ref,8p5,37.184732597437645
2086,ens8,Pol,2p6,28.785237262819326
2086,ens8,Ref,2p6,17.079517633199483
2086,ens8,Ref,8p5,32.42140564955308
2086,ens9,Pol,2p6,28.809611492377588
2086,ens9,Ref,2p6,23.041916601858542
2086,ens9,Ref,8p5,37.193777280854604
2087,ens1,Pol,2p6,19.428844608889353
2087,ens1,Ref,2p6,5.826629653259944
2087,ens1,Ref,8p5,28.180503514608823
2087,ens10,Pol,2p6,33.11903223013501
2087,ens10,Ref,2p6,17.02117049921709
2087,ens10,Ref,8p5,28.234833475292714
2087,ens11,Pol,2p6,35.159848005627026
2087,ens11,Ref,2p6,17.00349288742997
2087,ens11,Ref,8p5,24.300853957127313
2087,ens12,Pol,2p6,32.39104627071232
2087,ens12,Ref,2p6,16.8099310597493
2087,ens12,Ref,8p5,25.65401526549734
2087,ens13,Pol,2p6,17.644219368593976
2087,ens13,Ref,2p6,10.363679436504201
2087,ens13,Ref,8p5,16.967941201914243
2087,ens2,Pol,2p6,22.85646879034874
2087,ens2,Ref,2p6,16.944034251643135
2087,ens2,Ref,8p5,27.81636233020056
2087,ens3,Pol,2p6,25.345020934221285
2087,ens3,Ref,2p6,7.966282334213628
2087,ens3,Ref,8p5,28.115882351550837
2087,ens4,Pol,2p6,25.77357983445378
2087,ens4,Ref,2p6,16.898708394746077
2087,ens4,Ref,8p5,31.069374879460643
2087,ens5,Pol,2p6,29.57324507407423
2087,ens5,Ref,2p6,20.312407255243556
2087,ens5,Ref,8p5,28.380425586964705
2087,ens6,Pol,2p6,22.866888979510435
2087,ens6,Ref,2p6,16.89332289198053
2087,ens6,Ref,8p5,28.374361560697896
2087,ens7,Pol,2p6,35.71601735693319
2087,ens7,Ref,2p6,16.92764684195658
2087,ens7,Ref,8p5,37.87149794142011
2087,ens8,Pol,2p6,29.90788879690616
2087,ens8,Ref,2p6,17.035463701096933
2087,ens8,Ref,8p5,34.312624635296636
2087,ens9,Pol,2p6,30.239280897228568
2087,ens9,Ref,2p6,23.07368129927031
2087,ens9,Ref,8p5,37.86824576027819
2088,ens1,Pol,2p6,20.617785754787118
2088,ens1,Ref,2p6,5.777300120959944
2088,ens1,Ref,8p5,28.77276123482465
2088,ens10,Pol,2p6,33.02218533082717
2088,ens10,Ref,2p6,16.97626122929832
2088,ens10,Ref,8p5,28.530405875464986
2088,ens11,Pol,2p6,35.953333231387674
2088,ens11,Ref,2p6,16.958893013914565
2088,ens11,Ref,8p5,24.413075470364284
2088,ens12,Pol,2p6,32.49392902593544
2088,ens12,Ref,2p6,16.809264759315827
2088,ens12,Ref,8p5,26.313122089353502
2088,ens13,Pol,2p6,17.879307015987955
2088,ens13,Ref,2p6,10.31656714960224
2088,ens13,Ref,8p5,16.926164876156204
2088,ens2,Pol,2p6,23.47368739963025
2088,ens2,Ref,2p6,16.914997733412186
2088,ens2,Ref,8p5,27.81074492337157
2088,ens3,Pol,2p6,25.68053602809664
2088,ens3,Ref,2p6,7.918231382550519
2088,ens3,Ref,8p5,28.510697276824512
2088,ens4,Pol,2p6,26.010000703417365
2088,ens4,Ref,2p6,16.858652971890475
2088,ens4,Ref,8p5,32.810831300098876
2088,ens5,Pol,2p6,30.838860426034312
2088,ens5,Ref,2p6,21.665940507746637
2088,ens5,Ref,8p5,28.76951405272647
2088,ens6,Pol,2p6,22.9200292441785
2088,ens6,Ref,2p6,16.84968400942353
2088,ens6,Ref,8p5,28.653709079788097
2088,ens7,Pol,2p6,36.29169548836932
2088,ens7,Ref,2p6,16.88416208464496
2088,ens7,Ref,8p5,38.558263285402575
2088,ens8,Pol,2p6,31.030540330992995
2088,ens8,Ref,2p6,16.991409768994384
2088,ens8,Ref,8p5,36.20384362104019
2088,ens9,Pol,2p6,31.668950302079548
2088,ens9,Ref,2p6,23.10544599668207
2088,ens9,Ref,8p5,38.54271423970178
2089,ens1,Pol,2p6,21.806726900684872
2089,ens1,Ref,2p6,5.727970588659944
2089,ens1,Ref,8p5,29.36501895504048
2089,ens10,Pol,2p6,32.92533843151933
2089,ens10,Ref,2p6,16.931351959379555
2089,ens10,Ref,8p5,28.825978275637254
2089,ens11,Pol,2p6,36.746818457148315
2089,ens11,Ref,2p6,16.91429314039916
2089,ens11,Ref,8p5,24.525296983601258
2089,ens12,Pol,2p6,32.59681178115854
2089,ens12,Ref,2p6,16.80859845888235
2089,ens12,Ref,8p5,26.972228913209662
2089,ens13,Pol,2p6,18.114394663381933
2089,ens13,Ref,2p6,10.269454862700279
2089,ens13,Ref,8p5,16.884388550398164
2089,ens2,Pol,2p6,24.090906008911762
2089,ens2,Ref,2p6,16.885961215181233
2089,ens2,Ref,8p5,27.805127516542576
2089,ens3,Pol,2p6,26.016051121971987
2089,ens3,Ref,2p6,7.870180430887409
2089,ens3,Ref,8p5,28.90551220209818
2089,ens4,Pol,2p6,26.24642157238095
2089,ens4,Ref,2p6,16.818597549034873
2089,ens4,Ref,8p5,34.55228772073711
2089,ens5,Pol,2p6,32.104475777994395
2089,ens5,Ref,2p6,23.019473760249717
2089,ens5,Ref,8p5,29.158602518488234
2089,ens6,Pol,2p6,22.97316950884657
2089,ens6,Ref,2p6,16.806045126866525
2089,ens6,Ref,8p5,28.93305659887829
2089,ens7,Pol,2p6,36.867373619805456
2089,ens7,Ref,2p6,16.840677327333335
2089,ens7,Ref,8p5,39.24502862938504
2089,ens8,Pol,2p6,32.15319186507983
2089,ens8,Ref,2p6,16.947355836891834
2089,ens8,Ref,8p5,38.09506260678375
2089,ens9,Pol,2p6,33.09861970693053
2089,ens9,Ref,2p6,23.137210694093838
2089,ens9,Ref,8p5,39.21718271912536
2090,ens1,Pol,2p6,22.995668046582633
2090,ens1,Ref,2p6,5.678641056359944
2090,ens1,Ref,8p5,29.957276675256303
2090,ens10,Pol,2p6,32.82849153221148
2090,ens10,Ref,2p6,16.886442689460782
2090,ens10,Ref,8p5,29.121550675809523
2090,ens11,Pol,2p6,37.54030368290896
2090,ens11,Ref,2p6,16.86969326688375
2090,ens11,Ref,8p5,24.637518496838233
2090,ens12,Pol,2p6,32.69969453638165
2090,ens12,Ref,2p6,16.807932158448878
2090,ens12,Ref,8p5,27.631335737065825
2090,ens13,Pol,2p6,18.349482310775908
2090,ens13,Ref,2p6,10.222342575798319
2090,ens13,Ref,8p5,16.842612224640124
2090,ens2,Pol,2p6,24.708124618193274
2090,ens2,Ref,2p6,16.85692469695028
2090,ens2,Ref,8p5,27.799510109713584
2090,ens3,Pol,2p6,26.35156621584734
2090,ens3,Ref,2p6,7.822129479224301
2090,ens3,Ref,8p5,29.300327127371848
2090,ens4,Pol,2p6,26.482842441344534
2090,ens4,Ref,2p6,16.77854212617927
2090,ens4,Ref,8p5,36.29374414137535
2090,ens5,Pol,2p6,33.37009112995448
2090,ens5,Ref,2p6,24.373007012752797
2090,ens5,Ref,8p5,29.54769098425
2090,ens6,Pol,2p6,23.026309773514633
2090,ens6,Ref,2p6,16.76240624430952
2090,ens6,Ref,8p5,29.212404117968486
2090,ens7,Pol,2p6,37.44305175124159
2090,ens7,Ref,2p6,16.79719257002171
2090,ens7,Ref,8p5,39.931793973367505
2090,ens8,Pol,2p6,33.27584339916666
2090,ens8,Ref,2p6,16.903301904789284
2090,ens8,Ref,8p5,39.986281592527305
2090,ens9,Pol,2p6,34.52828911178151
2090,ens9,Ref,2p6,23.1689753915056
2090,ens9,Ref,8p5,39.89165119854895
2091,ens1,Pol,2p6,24.51625243864874
2091,ens1,Ref,2p6,5.632543427323389
2091,ens1,Ref,8p5,31.126781710981792
2091,ens10,Pol,2p6,33.244426915947756
2091,ens10,Ref,2p6,16.847709411019608
2091,ens10,Ref,8p5,30.35894945775392
2091,ens11,Pol,2p6,37.92798790916742
2091,ens11,Ref,2p6,16.82946743727451
2091,ens11,Ref,8p5,25.147688958577312
2091,ens12,Pol,2p6,32.32210253432268
2091,ens12,Ref,2p6,16.772562754206163
2091,ens12,Ref,8p5,28.805696481962464
2091,ens13,Pol,2p6,20.80514031712535
2091,ens13,Ref,2p6,10.192997711583892
2091,ens13,Ref,8p5,17.964205833111443
2091,ens2,Pol,2p6,26.353032506518204
2091,ens2,Ref,2p6,16.824539487862886
2091,ens2,Ref,8p5,29.286538074517228
2091,ens3,Pol,2p6,27.515663642243275
2091,ens3,Ref,2p6,10.733158530107815
2091,ens3,Ref,8p5,30.660455870858684
2091,ens4,Pol,2p6,28.843778839072254
2091,ens4,Ref,2p6,16.74775895066008
2091,ens4,Ref,8p5,36.67674609233543
2091,ens5,Pol,2p6,33.32118157462423
2091,ens5,Ref,2p6,24.303256792621006
2091,ens5,Ref,8p5,29.673620333785713
2091,ens6,Pol,2p6,24.503660788072214
2091,ens6,Ref,2p6,16.716596382575908
2091,ens6,Ref,8p5,31.325572003654763
2091,ens7,Pol,2p6,37.464640267257
2091,ens7,Ref,2p6,17.036314498234454
2091,ens7,Ref,8p5,39.87969526208861
2091,ens8,Pol,2p6,33.32530480690896
2091,ens8,Ref,2p6,16.86393725237591
2091,ens8,Ref,8p5,39.9144550742479
2091,ens9,Pol,2p6,34.73568821613893
2091,ens9,Ref,2p6,23.40296453842857
2091,ens9,Ref,8p5,39.84186891140406
2092,ens1,Pol,2p6,26.036836830714844
2092,ens1,Ref,2p6,5.586445798286835
2092,ens1,Ref,8p5,32.29628674670728
2092,ens10,Pol,2p6,33.66036229968403
2092,ens10,Ref,2p6,16.80897613257843
2092,ens10,Ref,8p5,31.59634823969832
2092,ens11,Pol,2p6,38.31567213542588
2092,ens11,Ref,2p6,16.789241607665264
2092,ens11,Ref,8p5,25.657859420316385
2092,ens12,Pol,2p6,31.944510532263724
2092,ens12,Ref,2p6,16.737193349963444
2092,ens12,Ref,8p5,29.980057226859103
2092,ens13,Pol,2p6,23.26079832347479
2092,ens13,Ref,2p6,10.163652847369468
2092,ens13,Ref,8p5,19.085799441582758
2092,ens2,Pol,2p6,27.997940394843134
2092,ens2,Ref,2p6,16.792154278775488
2092,ens2,Ref,8p5,30.773566039320865
2092,ens3,Pol,2p6,28.679761068639216
2092,ens3,Ref,2p6,13.64418758099133
2092,ens3,Ref,8p5,32.020584614345516
2092,ens4,Pol,2p6,31.20471523679997
2092,ens4,Ref,2p6,16.716975775140895
2092,ens4,Ref,8p5,37.05974804329552
2092,ens5,Pol,2p6,33.27227201929397
2092,ens5,Ref,2p6,24.233506572489215
2092,ens5,Ref,8p5,29.799549683321427
2092,ens6,Pol,2p6,25.98101180262979
2092,ens6,Ref,2p6,16.670786520842295
2092,ens6,Ref,8p5,33.438739889341036
2092,ens7,Pol,2p6,37.48622878327241
2092,ens7,Ref,2p6,17.2754364264472
2092,ens7,Ref,8p5,39.827596550809716
2092,ens8,Pol,2p6,33.37476621465126
2092,ens8,Ref,2p6,16.824572599962536
2092,ens8,Ref,8p5,39.84262855596848
2092,ens9,Pol,2p6,34.94308732049635
2092,ens9,Ref,2p6,23.63695368535154
2092,ens9,Ref,8p5,39.79208662425917
2093,ens1,Pol,2p6,27.557421222780953
2093,ens1,Ref,2p6,5.540348169250279
2093,ens1,Ref,8p5,33.465791782432774
2093,ens10,Pol,2p6,34.07629768342031
2093,ens10,Ref,2p6,16.770242854137255
2093,ens10,Ref,8p5,32.833747021642715
2093,ens11,Pol,2p6,38.70335636168434
2093,ens11,Ref,2p6,16.74901577805602
2093,ens11,Ref,8p5,26.16802988205546
2093,ens12,Pol,2p6,31.56691853020476
2093,ens12,Ref,2p6,16.701823945720726
2093,ens12,Ref,8p5,31.15441797175574
2093,ens13,Pol,2p6,25.71645632982423
2093,ens13,Ref,2p6,10.134307983155042
2093,ens13,Ref,8p5,20.207393050054076
2093,ens2,Pol,2p6,29.642848283168064
2093,ens2,Ref,2p6,16.759769069688094
2093,ens2,Ref,8p5,32.260594004124506
2093,ens3,Pol,2p6,29.843858495035153
2093,ens3,Ref,2p6,16.555216631874842
2093,ens3,Ref,8p5,33.38071335783235
2093,ens4,Pol,2p6,33.56565163452769
2093,ens4,Ref,2p6,16.68619259962171
2093,ens4,Ref,8p5,37.4427499942556
2093,ens5,Pol,2p6,33.223362463963724
2093,ens5,Ref,2p6,24.163756352357424
2093,ens5,Ref,8p5,29.925479032857144
2093,ens6,Pol,2p6,27.458362817187368
2093,ens6,Ref,2p6,16.624976659108682
2093,ens6,Ref,8p5,35.55190777502731
2093,ens7,Pol,2p6,37.507817299287815
2093,ens7,Ref,2p6,17.514558354659943
2093,ens7,Ref,8p5,39.77549783953082
2093,ens8,Pol,2p6,33.42422762239355
2093,ens8,Ref,2p6,16.78520794754916
2093,ens8,Ref,8p5,39.77080203768907
2093,ens9,Pol,2p6,35.15048642485378
2093,ens9,Ref,2p6,23.87094283227451
2093,ens9,Ref,8p5,39.742304337114284
2094,ens1,Pol,2p6,29.078005614847058
2094,ens1,Ref,2p6,5.494250540213725
2094,ens1,Ref,8p5,34.63529681815826
2094,ens10,Pol,2p6,34.49223306715658
2094,ens10,Ref,2p6,16.73150957569608
2094,ens10,Ref,8p5,34.071145803587115
2094,ens11,Pol,2p6,39.0910405879428
2094,ens11,Ref,2p6,16.708789948446775
2094,ens11,Ref,8p5,26.678200343794536
2094,ens12,Pol,2p6,31.189326528145795
2094,ens12,Ref,2p6,16.66645454147801
2094,ens12,Ref,8p5,32.32877871665238
2094,ens13,Pol,2p6,28.172114336173667
2094,ens13,Ref,2p6,10.104963118940617
2094,ens13,Ref,8p5,21.32898665852539
2094,ens2,Pol,2p6,31.287756171492997
2094,ens2,Ref,2p6,16.7273838606007
2094,ens2,Ref,8p5,33.74762196892815
2094,ens3,Pol,2p6,31.00795592143109
2094,ens3,Ref,2p6,19.46624568275836
2094,ens3,Ref,8p5,34.74084210131918
2094,ens4,Pol,2p6,35.92658803225541
2094,ens4,Ref,2p6,16.65540942410252
2094,ens4,Ref,8p5,37.825751945215686
2094,ens5,Pol,2p6,33.17445290863347
2094,ens5,Ref,2p6,24.09400613222563
2094,ens5,Ref,8p5,30.051408382392857
2094,ens6,Pol,2p6,28.93571383174494
2094,ens6,Ref,2p6,16.579166797375066
2094,ens6,Ref,8p5,37.66507566071358
2094,ens7,Pol,2p6,37.52940581530322
2094,ens7,Ref,2p6,17.753680282872686
2094,ens7,Ref,8p5,39.72339912825193
2094,ens8,Pol,2p6,33.47368903013585
2094,ens8,Ref,2p6,16.745843295135785
2094,ens8,Ref,8p5,39.69897551940966
2094,ens9,Pol,2p6,35.3578855292112
2094,ens9,Ref,2p6,24.104931979197477
2094,ens9,Ref,8p5,39.6925220499694
2095,ens1,Pol,2p6,30.598590006913163
2095,ens1,Ref,2p6,5.4481529111771705
2095,ens1,Ref,8p5,35.80480185388375
2095,ens10,Pol,2p6,34.90816845089286
2095,ens10,Ref,2p6,16.692776297254902
2095,ens10,Ref,8p5,35.30854458553151
2095,ens11,Pol,2p6,39.47872481420126
2095,ens11,Ref,2p6,16.668564118837534
2095,ens11,Ref,8p5,27.188370805533612
2095,ens12,Pol,2p6,30.81173452608683
2095,ens12,Ref,2p6,16.631085137235292
2095,ens12,Ref,8p5,33.50313946154902
2095,ens13,Pol,2p6,30.627772342523105
2095,ens13,Ref,2p6,10.07561825472619
2095,ens13,Ref,8p5,22.45058026699671
2095,ens2,Pol,2p6,32.932664059817924
2095,ens2,Ref,2p6,16.694998651513302
2095,ens2,Ref,8p5,35.23464993373179
2095,ens3,Pol,2p6,32.17205334782703
2095,ens3,Ref,2p6,22.377274733641876
2095,ens3,Ref,8p5,36.10097084480602
2095,ens4,Pol,2p6,38.28752442998312
2095,ens4,Ref,2p6,16.62462624858333
2095,ens4,Ref,8p5,38.208753896175764
2095,ens5,Pol,2p6,33.125543353303215
2095,ens5,Ref,2p6,24.02425591209384
2095,ens5,Ref,8p5,30.17733773192857
2095,ens6,Pol,2p6,30.413064846302518
2095,ens6,Ref,2p6,16.533356935641454
2095,ens6,Ref,8p5,39.77824354639986
2095,ens7,Pol,2p6,37.55099433131863
2095,ens7,Ref,2p6,17.992802211085433
2095,ens7,Ref,8p5,39.67130041697304
2095,ens8,Pol,2p6,33.523150437878144
2095,ens8,Ref,2p6,16.70647864272241
2095,ens8,Ref,8p5,39.62714900113025
2095,ens9,Pol,2p6,35.56528463356862
2095,ens9,Ref,2p6,24.338921126120447
2095,ens9,Ref,8p5,39.642739762824505
2096,ens1,Pol,2p6,30.853476827789773
2096,ens1,Ref,2p6,5.395479940120168
2096,ens1,Ref,8p5,35.933514816122546
2096,ens10,Pol,2p6,35.17077619217044
2096,ens10,Ref,2p6,17.92942732347815
2096,ens10,Ref,8p5,35.66671351217409
2096,ens11,Pol,2p6,39.007659240811904
2096,ens11,Ref,2p6,16.620674234740335
2096,ens11,Ref,8p5,28.484496271588373
2096,ens12,Pol,2p6,30.855423160349435
2096,ens12,Ref,2p6,16.584407676420586
2096,ens12,Ref,8p5,33.48243473063025
2096,ens13,Pol,2p6,31.148476176166803
2096,ens13,Ref,2p6,10.05611004755252
2096,ens13,Ref,8p5,22.733016521894257
2096,ens2,Pol,2p6,32.98047968877832
2096,ens2,Ref,2p6,16.658364589471848
2096,ens2,Ref,8p5,35.477155121164564
2096,ens3,Pol,2p6,32.30892430063291
2096,ens3,Ref,2p6,22.265493408408215
2096,ens3,Ref,8p5,36.75292902179079
2096,ens4,Pol,2p6,38.43053303871532
2096,ens4,Ref,2p6,16.577818726687955
2096,ens4,Ref,8p5,38.15487426482175
2096,ens5,Pol,2p6,33.28076008043767
2096,ens5,Ref,2p6,23.970351982617956
2096,ens5,Ref,8p5,31.79925360002871
2096,ens6,Pol,2p6,30.386737704736387
2096,ens6,Ref,2p6,16.473699436271286
2096,ens6,Ref,8p5,39.682783201344115
2096,ens7,Pol,2p6,36.802359189090694
2096,ens7,Ref,2p6,19.410997449783054
2096,ens7,Ref,8p5,39.56760520016368
2096,ens8,Pol,2p6,34.131170424708124
2096,ens8,Ref,2p6,18.628485612043455
2096,ens8,Ref,8p5,39.58033890093151
2096,ens9,Pol,2p6,35.16599921674454
2096,ens9,Ref,2p6,24.177585941870447
2096,ens9,Ref,8p5,39.59854107808676
2097,ens1,Pol,2p6,31.108363648666387
2097,ens1,Ref,2p6,5.342806969063165
2097,ens1,Ref,8p5,36.06222777836134
2097,ens10,Pol,2p6,35.433383933448034
2097,ens10,Ref,2p6,19.166078349701397
2097,ens10,Ref,8p5,36.02488243881666
2097,ens11,Pol,2p6,38.536593667422544
2097,ens11,Ref,2p6,16.572784350643136
2097,ens11,Ref,8p5,29.780621737643138
2097,ens12,Pol,2p6,30.899111794612043
2097,ens12,Ref,2p6,16.53773021560588
2097,ens12,Ref,8p5,33.46172999971148
2097,ens13,Pol,2p6,31.6691800098105
2097,ens13,Ref,2p6,10.036601840378852
2097,ens13,Ref,8p5,23.015452776791808
2097,ens2,Pol,2p6,33.02829531773871
2097,ens2,Ref,2p6,16.62173052743039
2097,ens2,Ref,8p5,35.71966030859734
2097,ens3,Pol,2p6,32.445795253438796
2097,ens3,Ref,2p6,22.153712083174565
2097,ens3,Ref,8p5,37.40488719877557
2097,ens4,Pol,2p6,38.57354164744752
2097,ens4,Ref,2p6,16.531011204792573
2097,ens4,Ref,8p5,38.10099463346773
2097,ens5,Pol,2p6,33.435976807572125
2097,ens5,Ref,2p6,23.916448053142073
2097,ens5,Ref,8p5,33.42116946812885
2097,ens6,Pol,2p6,30.36041056317025
2097,ens6,Ref,2p6,16.414041936901118
2097,ens6,Ref,8p5,39.58732285628837
2097,ens7,Pol,2p6,36.05372404686277
2097,ens7,Ref,2p6,20.82919268848067
2097,ens7,Ref,8p5,39.46390998335433
2097,ens8,Pol,2p6,34.73919041153809
2097,ens8,Ref,2p6,20.55049258136451
2097,ens8,Ref,8p5,39.53352880073277
2097,ens9,Pol,2p6,34.766713799920446
2097,ens9,Ref,2p6,24.016250757620448
2097,ens9,Ref,8p5,39.55434239334902
2098,ens1,Pol,2p6,31.363250469542994
2098,ens1,Ref,2p6,5.290133998006162
2098,ens1,Ref,8p5,36.19094074060014
2098,ens10,Pol,2p6,35.695991674725626
2098,ens10,Ref,2p6,20.402729375924647
2098,ens10,Ref,8p5,36.383051365459245
2098,ens11,Pol,2p6,38.06552809403319
2098,ens11,Ref,2p6,16.524894466545938
2098,ens11,Ref,8p5,31.076747203697895
2098,ens12,Pol,2p6,30.942800428874648
2098,ens12,Ref,2p6,16.491052754791177
2098,ens12,Ref,8p5,33.441025268792714
2098,ens13,Pol,2p6,32.1898838434542
2098,ens13,Ref,2p6,10.017093633205182
2098,ens13,Ref,8p5,23.297889031689355
2098,ens2,Pol,2p6,33.0761109466991
2098,ens2,Ref,2p6,16.585096465388936
2098,ens2,Ref,8p5,35.96216549603011
2098,ens3,Pol,2p6,32.582666206244674
2098,ens3,Ref,2p6,22.041930757940907
2098,ens3,Ref,8p5,38.056845375760346
2098,ens4,Pol,2p6,38.71655025617972
2098,ens4,Ref,2p6,16.4842036828972
2098,ens4,Ref,8p5,38.047115002113706
2098,ens5,Pol,2p6,33.59119353470658
2098,ens5,Ref,2p6,23.86254412366619
2098,ens5,Ref,8p5,35.04308533622899
2098,ens6,Pol,2p6,30.334083421604117
2098,ens6,Ref,2p6,16.35438443753095
2098,ens6,Ref,8p5,39.49186251123263
2098,ens7,Pol,2p6,35.30508890463484
2098,ens7,Ref,2p6,22.24738792717829
2098,ens7,Ref,8p5,39.36021476654497
2098,ens8,Pol,2p6,35.34721039836806
2098,ens8,Ref,2p6,22.47249955068556
2098,ens8,Ref,8p5,39.486718700534034
2098,ens9,Pol,2p6,34.36742838309636
2098,ens9,Ref,2p6,23.854915573370448
2098,ens9,Ref,8p5,39.510143708611274
2099,ens1,Pol,2p6,31.618137290419607
2099,ens1,Ref,2p6,5.237461026949159
2099,ens1,Ref,8p5,36.31965370283893
2099,ens10,Pol,2p6,35.95859941600322
2099,ens10,Ref,2p6,21.639380402147896
2099,ens10,Ref,8p5,36.74122029210182
2099,ens11,Pol,2p6,37.59446252064384
2099,ens11,Ref,2p6,16.47700458244874
2099,ens11,Ref,8p5,32.37287266975266
2099,ens12,Pol,2p6,30.986489063137256
2099,ens12,Ref,2p6,16.44437529397647
2099,ens12,Ref,8p5,33.42032053787395
2099,ens13,Pol,2p6,32.7105876770979
2099,ens13,Ref,2p6,9.997585426031513
2099,ens13,Ref,8p5,23.580325286586906
2099,ens2,Pol,2p6,33.123926575659496
2099,ens2,Ref,2p6,16.54846240334748
2099,ens2,Ref,8p5,36.204670683462886
2099,ens3,Pol,2p6,32.71953715905056
2099,ens3,Ref,2p6,21.930149432707257
2099,ens3,Ref,8p5,38.708803552745124
2099,ens4,Pol,2p6,38.85955886491192
2099,ens4,Ref,2p6,16.437396161001818
2099,ens4,Ref,8p5,37.993235370759685
2099,ens5,Pol,2p6,33.746410261841035
2099,ens5,Ref,2p6,23.808640194190307
2099,ens5,Ref,8p5,36.66500120432913
2099,ens6,Pol,2p6,30.30775628003798
2099,ens6,Ref,2p6,16.294726938160782
2099,ens6,Ref,8p5,39.39640216617689
2099,ens7,Pol,2p6,34.55645376240692
2099,ens7,Ref,2p6,23.665583165875912
2099,ens7,Ref,8p5,39.256519549735614
2099,ens8,Pol,2p6,35.955230385198035
2099,ens8,Ref,2p6,24.394506520006612
2099,ens8,Ref,8p5,39.43990860033529
2099,ens9,Pol,2p6,33.96814296627227
2099,ens9,Ref,2p6,23.69358038912045
2099,ens9,Ref,8p5,39.46594502387353
2100,ens1,Pol,2p6,31.873024111296218
2100,ens1,Ref,2p6,5.184788055892157
2100,ens1,Ref,8p5,36.44836666507773
2100,ens10,Pol,2p6,36.22120715728081
2100,ens10,Ref,2p6,22.876031428371146
2100,ens10,Ref,8p5,37.09938921874439
2100,ens11,Pol,2p6,37.12339694725448
2100,ens11,Ref,2p6,16.42911469835154
2100,ens11,Ref,8p5,33.66899813580742
2100,ens12,Pol,2p6,31.030177697399857
2100,ens12,Ref,2p6,16.397697833161764
2100,ens12,Ref,8p5,33.39961580695518
2100,ens13,Pol,2p6,33.23129151074159
2100,ens13,Ref,2p6,9.978077218857843
2100,ens13,Ref,8p5,23.862761541484453
2100,ens2,Pol,2p6,33.17174220461988
2100,ens2,Ref,2p6,16.511828341306025
2100,ens2,Ref,8p5,36.447175870895656
2100,ens3,Pol,2p6,32.85640811185644
2100,ens3,Ref,2p6,21.8183681074736
2100,ens3,Ref,8p5,39.3607617297299
2100,ens4,Pol,2p6,39.00256747364412
2100,ens4,Ref,2p6,16.390588639106443
2100,ens4,Ref,8p5,37.93935573940567
2100,ens5,Pol,2p6,33.90162698897549
2100,ens5,Ref,2p6,23.754736264714424
2100,ens5,Ref,8p5,38.28691707242927
2100,ens6,Pol,2p6,30.28142913847185
2100,ens6,Ref,2p6,16.235069438790614
2100,ens6,Ref,8p5,39.30094182112115
2100,ens7,Pol,2p6,33.80781862017899
2100,ens7,Ref,2p6,25.08377840457353
2100,ens7,Ref,8p5,39.15282433292626
2100,ens8,Pol,2p6,36.56325037202801
2100,ens8,Ref,2p6,26.316513489327658
2100,ens8,Ref,8p5,39.39309850013655
2100,ens9,Pol,2p6,33.568857549448175
2100,ens9,Ref,2p6,23.53224520487045
2100,ens9,Ref,8p5,39.42174633913578
